
delete from CookWareInStore;
delete from Store;
delete from CookWare;
delete from PricelistInConfectionary;
delete from Pricelist;
delete from WorkScheduleForEmployee;
delete from WorkSchedule;
delete from Employee;
delete from Confectionary;
INSERT INTO Confectionary(idConfectionary, Address, WorkingTime, RentCost)
                    VALUES (0, 'ул. Москворечье д2к2', 'Пн-Пт 7:30-23:00 Без обеда', 50000),
                            (1, 'Каширское шоссе, 31', 'Пн-Пт 8:30-23:00 Без обеда', 100000),
                            (2, 'ул. Большая Ордынка, 24', 'Пн-Пт 9:00-22:00 Обед 13:00-14:00', 200000),
                            (4, 'Раменки, Ленинские Горы, 1', 'Пн-Пт 8:30-23:00 Без обеда', 100000),
                            (3, 'Ленинградское шоссе, 16Ас3', 'Пн-Пт 9:30-23:00 Без обеда', 150000),
                            (5, 'Красная площадь, 3', 'Пн-Пт 8:30-23:00 Без обеда', 400000),
                            (6, 'Ходынский бульвар, 4', 'Пн-Пт 7:00-22:00 Без обеда', 174500),
                            (7, 'Каширское шоссе, 61Г', 'Пн-Пт 8:30-23:00 Без обеда', 150000),
                            (8, 'Проспект Мира, 211к2', 'Пн-Пт 8:30-23:00 Обед 13:00-13:30', 145000),
                            (9, 'Пресненская набережная, 2', 'Пн-Пт 8:30-23:00 Без обеда', 400000);
INSERT INTO Employee(idEmployee, idConfectionary, Passport, Emp_Position, BaseRate,
                MinWorkingHours, Salary, LastName, FirstName, SecondName)
                            VALUES (0,0,3587588469,'Владелец',56040,36,16969,'Грачева','София', 'Максимовна'),
 (1,0,3306254201,'Шеф-Кондитер',37301,32,83413,'Попова','Злата', 'Андреевна'),
 (2,0,6801873755,'Курьер',24623,38,40069,'Евсеева','Дарина', 'Ивановна'),
 (3,0,2097461585,'Курьер',88280,34,61717,'Мельников','Иван', 'Глебович'),
 (4,0,7523097689,'Курьер',28673,39,31849,'Иванов','Данил', 'Артемьевич'),
 (5,0,6831763415,'Кассир',88017,31,55786,'Некрасова','Милана', 'Артёмовна'),
 (6,0,3370219910,'Кассир',81211,31,75325,'Старикова','Елена', 'Андреевна'),
 (7,0,3795119615,'Кассир',30530,39,91599,'Васильев','Матвей', 'Ильич'),
 (8,0,3739993700,'Кондитер',39019,35,55854,'Борисов','Арсений', 'Артёмович'),
 (9,0,4848479309,'Кондитер',45371,33,63910,'Дмитриева','Дарья', 'Егоровна'),
 (10,0,6817483970,'Кондитер',56233,37,83939,'Коновалова','Арина', 'Александровна'),
 (11,0,7159239698,'Кондитер',24101,33,81782,'Воробьев','Владислав', 'Михайлович'),
 (12,0,6081185111,'Кондитер',95688,38,67829,'Афанасьева','Арина', 'Александровна'),
 (13,0,1438760922,'Кондитер',44646,31,49464,'Казаков','Глеб', 'Платонович'),
 (14,0,0365729803,'Кондитер',22526,31,40843,'Шаповалов','Иван', 'Кириллович'),
 (15,0,5875862791,'Кондитер',31752,32,85037,'Кулешова','Анна', 'Робертовна'),
 (16,0,4744186266,'Кондитер',85012,34,57740,'Пономарев','Ярослав', 'Максимович'),
 (17,0,2688309409,'Кондитер',88731,33,14156,'Петрова','Кира', 'Сергеевна'),
 (18,1,5719198552,'Владелец',22405,33,29987,'Петровская','Лилия', 'Максимовна'),
 (19,1,9498142531,'Шеф-Кондитер',61733,36,74811,'Смирнов','Дмитрий', 'Денисович'),
 (20,1,3215360673,'Курьер',11080,37,98408,'Морозов','Алексей', 'Артёмович'),
 (21,1,9303753936,'Курьер',68541,39,71838,'Хромов','Илья', 'Вячеславович'),
 (22,1,0958552099,'Кассир',22480,33,69788,'Константинова','Кира', 'Кирилловна'),
 (23,1,6780724205,'Кассир',79342,33,75114,'Дмитриев','Богдан', 'Матвеевич'),
 (24,1,7540522911,'Кассир',13986,34,42416,'Максимов','Андрей', 'Тимофеевич'),
 (25,1,5614219807,'Кондитер',53141,37,34377,'Кочетков','Вячеслав', 'Юрьевич'),
 (26,1,6836979256,'Кондитер',44831,36,36412,'Кузнецов','Леонид', 'Александрович'),
 (27,1,2216453538,'Кондитер',58722,35,98257,'Карпова','Оливия', 'Егоровна'),
 (28,1,6111926864,'Кондитер',71259,33,95396,'Демин','Даниил', 'Артёмович'),
 (29,1,4709371260,'Кондитер',12033,30,48726,'Колосова','Стефания', 'Платоновна'),
 (30,1,1159969513,'Кондитер',53131,34,66325,'Герасимова','Алиса', 'Савельевна'),
 (31,1,2243435172,'Кондитер',67266,32,15238,'Орлов','Даниил', 'Никитич'),
 (32,2,2461862952,'Владелец',71039,31,22353,'Андреев','Артём', 'Егорович'),
 (33,2,1652800290,'Шеф-Кондитер',81874,38,94990,'Колпакова','Мария', 'Ильинична'),
 (34,2,5774469038,'Курьер',77519,37,34635,'Голиков','Андрей', 'Романович'),
 (35,2,8490956027,'Курьер',98999,30,68684,'Митрофанов','Михаил', 'Артурович'),
 (36,2,1594651469,'Кассир',10962,30,15120,'Масленникова','Екатерина', 'Кирилловна'),
 (37,2,0485824819,'Кассир',73226,30,17445,'Давыдова','Надежда', 'Эмировна'),
 (38,2,4299027518,'Кондитер',87778,35,41636,'Большаков','Артём', 'Максимович'),
 (39,2,7203225769,'Кондитер',54235,31,20997,'Черный','Владимир', 'Русланович'),
 (40,2,0399616593,'Кондитер',53145,32,29550,'Быков','Илья', 'Андреевич'),
 (41,2,0086757444,'Кондитер',25536,34,93891,'Попова','Диана', 'Даниэльевна'),
 (42,2,6037175322,'Кондитер',82472,33,60141,'Гаврилов','Игорь', 'Демидович'),
 (43,2,3466956790,'Кондитер',65890,39,23685,'Леонова','Олеся', 'Артёмовна'),
 (44,2,8330938355,'Кондитер',52934,30,65829,'Худякова','Елизавета', 'Алиевна'),
 (45,2,0053087074,'Кондитер',84140,31,94824,'Дружинина','Софья', 'Фёдоровна'),
 (46,2,7941594700,'Кондитер',95496,37,23204,'Москвина','Вероника', 'Вадимовна'),
 (47,2,8561518621,'Кондитер',24682,33,56293,'Полякова','Алёна', 'Егоровна'),
 (48,3,0918070645,'Владелец',79400,32,33930,'Козлова','Анастасия', 'Марковна'),
 (49,3,5586188312,'Шеф-Кондитер',16676,32,98175,'Березин','Иван', 'Александрович'),
 (50,3,8900216670,'Курьер',63755,35,52016,'Давыдова','Валерия', 'Сергеевна'),
 (51,3,3072028122,'Курьер',43968,33,53329,'Титова','София', 'Давидовна'),
 (52,3,8503572591,'Курьер',69290,31,60961,'Васильев','Мирон', 'Михайлович'),
 (53,3,7490033308,'Кассир',62710,35,87344,'Медведев','Александр', 'Даниилович'),
 (54,3,9040473498,'Кассир',88917,31,23685,'Максимова','Алина', 'Ивановна'),
 (55,3,0899474948,'Кассир',82982,38,26773,'Алехин','Максим', 'Евгеньевич'),
 (56,3,8366961624,'Кондитер',62588,31,98723,'Сергеев','Никита', 'Александрович'),
 (57,3,7550996625,'Кондитер',71514,36,47354,'Крылов','Владимир', 'Ильич'),
 (58,3,1131122286,'Кондитер',60709,31,12468,'Романов','Георгий', 'Егорович'),
 (59,3,2346932675,'Кондитер',74351,38,35341,'Чистякова','Милана', 'Ильинична'),
 (60,3,2379529108,'Кондитер',88501,30,55142,'Крючкова','Елена', 'Георгиевна'),
 (61,3,0930142712,'Кондитер',56659,30,31882,'Попова','Вера', 'Леонидовна'),
 (62,3,7044110562,'Кондитер',29299,31,64377,'Покровский','Николай', 'Маркович'),
 (63,4,4154651408,'Владелец',38120,38,76058,'Медведев','Илья', 'Тимофеевич'),
 (64,4,2668492469,'Шеф-Кондитер',55788,32,31452,'Кузьмина','Анастасия', 'Ярославовна'),
 (65,4,3997189802,'Курьер',54505,36,49656,'Воронина','Элина', 'Петровна'),
 (66,4,3896941858,'Курьер',97643,33,33098,'Новикова','Елена', 'Ильинична'),
 (67,4,4294648400,'Курьер',97892,35,62874,'Никитин','Александр', 'Арсентьевич'),
 (68,4,1139837439,'Кассир',76043,35,15820,'Соболев','Кирилл', 'Леонидович'),
 (69,4,2192041682,'Кассир',44699,37,10224,'Лебедев','Артём', 'Тимофеевич'),
 (70,4,4713246206,'Кассир',31629,32,99560,'Давыдова','Маргарита', 'Андреевна'),
 (71,4,2252068529,'Кондитер',59082,38,20826,'Сидоров','Артём', 'Никитич'),
 (72,4,5223559006,'Кондитер',35754,34,99592,'Кондратьев','Роман', 'Степанович'),
 (73,4,1826390802,'Кондитер',84937,33,60633,'Скворцов','Владислав', 'Степанович'),
 (74,4,8768415525,'Кондитер',65775,34,43330,'Золотарев','Иван', 'Артёмович'),
 (75,4,3946887956,'Кондитер',27252,32,24978,'Максимов','Андрей', 'Львович'),
 (76,4,2056833058,'Кондитер',43920,32,81387,'Кочетов','Виктор', 'Михайлович'),
 (77,4,5948367554,'Кондитер',12687,34,90961,'Акимова','Мария', 'Ильинична'),
 (78,4,9615424208,'Кондитер',99817,38,10079,'Лебедева','Ева', 'Петровна'),
 (79,4,6475334077,'Кондитер',54080,39,44039,'Голубева','Александра', 'Савельевна'),
 (80,4,4818608371,'Кондитер',17674,38,27442,'Васильев','Михаил', 'Максимович'),
 (81,5,5749244982,'Владелец',60825,37,38612,'Климова','Лидия', 'Егоровна'),
 (82,5,7451021702,'Шеф-Кондитер',70515,34,91414,'Вавилов','Максим', 'Владимирович'),
 (83,5,8542090393,'Курьер',72655,33,49906,'Кочетков','Глеб', 'Львович'),
 (84,5,4104496409,'Курьер',85229,39,98121,'Селиванов','Марк', 'Васильевич'),
 (85,5,4700101522,'Кассир',96873,34,40163,'Карпов','Игорь', 'Филиппович'),
 (86,5,2006714159,'Кассир',43283,30,48391,'Александрова','Ева', 'Мирославовна'),
 (87,5,5435140266,'Кондитер',11925,34,50059,'Мещеряков','Максим', 'Семёнович'),
 (88,5,7923082965,'Кондитер',67625,33,20801,'Петров','Артур', 'Даниилович'),
 (89,5,4111822441,'Кондитер',23666,35,71441,'Ефимов','Артемий', 'Кириллович'),
 (90,5,0873805834,'Кондитер',70164,31,48243,'Григорьев','Александр', 'Георгиевич'),
 (91,5,3552073758,'Кондитер',33131,36,31300,'Прохоров','Мирон', 'Владимирович'),
 (92,5,6081856529,'Кондитер',27214,38,82999,'Наумова','Пелагея', 'Семёновна'),
 (93,5,1508534166,'Кондитер',69518,35,21073,'Мельникова','Аделина', 'Михайловна'),
 (94,5,7196925035,'Кондитер',36036,32,79351,'Сорокин','Матвей', 'Даниилович'),
 (95,5,1875536523,'Кондитер',22692,30,67195,'Попова','Алия', 'Дмитриевна'),
 (96,5,8548112273,'Кондитер',54239,34,85719,'Федорова','Анна', 'Арсентьевна'),
 (97,6,4144318204,'Владелец',49365,30,35853,'Иванова','Анастасия', 'Романовна'),
 (98,6,2622129390,'Шеф-Кондитер',98151,39,10541,'Фомичев','Евгений', 'Григорьевич'),
 (99,6,9623570529,'Курьер',78540,37,65408,'Сергеева','Софья', 'Никитична'),
 (100,6,7072080604,'Курьер',45244,34,15591,'Федоров','Константин', 'Дмитриевич'),
 (101,6,1058365063,'Курьер',83578,39,84328,'Егоров','Фёдор', 'Иванович'),
 (102,6,7430360720,'Кассир',61491,38,47133,'Романов','Денис', 'Егорович'),
 (103,6,8382839539,'Кассир',75624,31,89643,'Семин','Константин', 'Маркович'),
 (104,6,2804564379,'Кондитер',84648,36,92788,'Кузьмин','Максим', 'Савельевич'),
 (105,6,7846006720,'Кондитер',77853,33,69086,'Гончаров','Максим', 'Всеволодович'),
 (106,6,3225856375,'Кондитер',39338,34,66918,'Тимофеев','Елисей', 'Даниилович'),
 (107,6,9377884406,'Кондитер',40665,34,52542,'Малахова','Валерия', 'Петровна'),
 (108,6,5665109414,'Кондитер',27362,30,78486,'Зиновьева','Анастасия', 'Никитична'),
 (109,6,8539092928,'Кондитер',71359,32,82330,'Егоров','Алексей', 'Фёдорович'),
 (110,6,7628776004,'Кондитер',10775,35,95231,'Чернова','Полина', 'Даниловна'),
 (111,6,1478336654,'Кондитер',23125,38,30010,'Степанов','Максим', 'Кириллович'),
 (112,6,4230045343,'Кондитер',43943,37,62142,'Кузнецова','Анжелика', 'Лукинична'),
 (113,6,4520713975,'Кондитер',17864,38,21379,'Пименов','Марк', 'Вадимович'),
 (114,7,0118199927,'Владелец',69235,39,35552,'Сергеева','Анна', 'Павловна'),
 (115,7,2785822939,'Шеф-Кондитер',45818,32,87108,'Васильева','Мария', 'Тимофеевна'),
 (116,7,9498210023,'Курьер',79477,31,67886,'Орехова','Амелия', 'Данииловна'),
 (117,7,6837452921,'Курьер',73587,38,73191,'Степанов','Роман', 'Кириллович'),
 (118,7,2470363083,'Кассир',43743,33,43791,'Румянцева','Дарья', 'Дмитриевна'),
 (119,7,0259816126,'Кассир',41738,36,30004,'Фролов','Арсений', 'Даниилович'),
 (120,7,0412077286,'Кассир',33167,34,57123,'Давыдова','Надежда', 'Даниловна'),
 (121,7,2541219954,'Кондитер',33867,37,25458,'Цветков','Роман', 'Андреевич'),
 (122,7,5900442843,'Кондитер',88170,32,78672,'Овсянникова','Стефания', 'Артёмовна'),
 (123,7,4363183387,'Кондитер',33155,32,22761,'Королев','Матвей', 'Егорович'),
 (124,7,3388796265,'Кондитер',53718,31,65603,'Митрофанов','Лев', 'Павлович'),
 (125,7,0022651661,'Кондитер',45286,37,53016,'Голубев','Семён', 'Максимович'),
 (126,7,1520003388,'Кондитер',79383,34,12111,'Уткина','Майя', 'Марковна'),
 (127,7,2265341441,'Кондитер',56362,32,98355,'Королев','Борис', 'Валерьевич'),
 (128,8,5335741046,'Владелец',37712,38,89529,'Левин','Фёдор', 'Саввич'),
 (129,8,6788070502,'Шеф-Кондитер',10285,34,42401,'Медведева','Евгения', 'Константиновна'),
 (130,8,9517729013,'Курьер',81408,34,60833,'Лаптев','Лев', 'Даниилович'),
 (131,8,1978818669,'Курьер',49713,32,57364,'Игнатьева','Валерия', 'Вадимовна'),
 (132,8,4546645750,'Курьер',84398,31,97873,'Курочкин','Игорь', 'Михайлович'),
 (133,8,6288305048,'Кассир',74625,35,12020,'Кузьмин','Артём', 'Егорович'),
 (134,8,9159580469,'Кассир',34479,30,59214,'Волкова','Вера', 'Михайловна'),
 (135,8,3364792096,'Кондитер',30139,39,39971,'Смирнова','Алиса', 'Мирославовна'),
 (136,8,1293683918,'Кондитер',82962,32,99670,'Макаров','Артём', 'Захарович'),
 (137,8,8046996519,'Кондитер',16063,39,60002,'Волков','Никита', 'Максимович'),
 (138,8,2266845206,'Кондитер',93165,37,62194,'Антонова','Лия', 'Макаровна'),
 (139,8,5989262019,'Кондитер',25158,37,23771,'Захаров','Матвей', 'Артёмович'),
 (140,8,2812617796,'Кондитер',16284,30,33238,'Петрова','Ирина', 'Арсентьевна'),
 (141,8,9134574159,'Кондитер',13650,32,38134,'Киселев','Артём', 'Артёмович'),
 (142,9,5163719859,'Владелец',33845,37,42916,'Иванова','Виктория', 'Ярославовна'),
 (143,9,1617422648,'Шеф-Кондитер',77269,39,20851,'Кузнецов','Илья', 'Иванович'),
 (144,9,2378582418,'Курьер',45987,39,80406,'Ушаков','Пётр', 'Львович'),
 (145,9,1928792283,'Курьер',13804,39,54260,'Кондратьев','Кирилл', 'Андреевич'),
 (146,9,4532070811,'Курьер',76728,34,58075,'Архипова','Анна', 'Германовна'),
 (147,9,7020122636,'Кассир',59852,32,77723,'Панова','Маргарита', 'Никитична'),
 (148,9,7413829554,'Кассир',83819,30,41790,'Юдин','Мирон', 'Георгиевич'),
 (149,9,1512713040,'Кондитер',39821,35,11094,'Волков','Степан', 'Егорович'),
 (150,9,4190809241,'Кондитер',87718,31,89452,'Мальцев','Александр', 'Максимович'),
 (151,9,9873608490,'Кондитер',99345,38,74797,'Маслова','Мария', 'Денисовна'),
 (152,9,4748465516,'Кондитер',43643,34,93801,'Дмитриева','Маргарита', 'Матвеевна'),
 (153,9,8655855109,'Кондитер',36858,38,15032,'Шишкин','Савелий', 'Александрович'),
 (154,9,4988374136,'Кондитер',80287,35,68229,'Карпов','Глеб', 'Кириллович'),
 (155,9,2474880681,'Кондитер',38492,31,35100,'Карпова','Екатерина', 'Саввична');
INSERT INTO WorkSchedule(idSchedule, WorkingDay, StartWorkTime, EndWorkTime, StartDinnerTime,
                EndDinerTime)
                            VALUES
 (0, 'Понедельник', '15:21', '17:40', '16:00', '16:30'),
 (1, 'Понедельник', '12:23', '21:39', '16:00', '16:30'),
 (2, 'Понедельник', '17:46', '20:44', '18:00', '18:30'),
 (3, 'Понедельник', '08:28', '11:07', '9:00', '10:00'),
 (4, 'Понедельник', '11:51', '20:16', '15:00', '16:00'),
 (5, 'Понедельник', '13:20', '19:40', '16:00', '16:30'),
 (6, 'Вторник', '14:25', '23:48', '18:00', '19:00'),
 (7, 'Вторник', '08:49', '11:28', '9:00', '10:00'),
 (8, 'Вторник', '10:56', '16:01', '13:00', '14:00'),
 (9, 'Вторник', '17:10', '19:14', '18:00', '19:00'),
 (10, 'Вторник', '13:15', '16:40', '14:00', '14:30'),
 (11, 'Вторник', '14:54', '19:50', '16:00', '17:00'),
 (12, 'Среда', '06:08', '08:21', '7:00', '7:30'),
 (13, 'Среда', '07:20', '16:53', '11:00', '11:30'),
 (14, 'Среда', '17:08', '20:42', '18:00', '19:00'),
 (15, 'Среда', '13:14', '19:57', '16:00', '17:00'),
 (16, 'Среда', '11:39', '17:10', '14:00', '15:00'),
 (17, 'Среда', '10:10', '14:05', '12:00', '13:00'),
 (18, 'Четверг', '09:05', '19:57', '14:00', '15:00'),
 (19, 'Четверг', '14:33', '19:34', '16:00', '16:30'),
 (20, 'Четверг', '06:28', '17:48', '11:00', '12:00'),
 (21, 'Четверг', '17:53', '20:35', '18:00', '18:30'),
 (22, 'Четверг', '13:14', '16:10', '14:00', '14:30'),
 (23, 'Четверг', '15:33', '23:17', '19:00', '19:30'),
 (24, 'Пятница', '05:05', '07:00', '6:00', '7:00'),
 (25, 'Пятница', '17:31', '23:53', '20:00', '21:00'),
 (26, 'Пятница', '08:13', '17:47', '12:00', '13:00'),
 (27, 'Пятница', '09:01', '14:27', '11:00', '11:30'),
 (28, 'Пятница', '17:57', '21:52', '19:00', '20:00'),
 (29, 'Пятница', '12:24', '14:34', '13:00', '14:00'),
 (30, 'Суббота', '10:17', '12:35', '11:00', '12:00'),
 (31, 'Суббота', '06:11', '21:24', '13:00', '14:00'),
 (32, 'Суббота', '15:42', '23:39', '19:00', '19:30'),
 (33, 'Суббота', '07:31', '13:34', '10:00', '11:00'),
 (34, 'Суббота', '14:57', '18:18', '16:00', '17:00'),
 (35, 'Суббота', '15:49', '20:31', '17:00', '18:00'),
 (36, 'Воскресенье', '09:21', '11:44', '10:00', '10:30'),
 (37, 'Воскресенье', '07:33', '11:22', '9:00', '10:00'),
 (38, 'Воскресенье', '09:23', '17:44', '13:00', '14:00'),
 (39, 'Воскресенье', '05:56', '23:24', '14:00', '15:00'),
 (40, 'Воскресенье', '14:08', '18:05', '16:00', '16:30'),
 (41, 'Воскресенье', '11:02', '13:22', '12:00', '12:30');
INSERT INTO WorkScheduleForEmployee(idSchedule, idEmployee)
                VALUES (12,0),
(22,0),
(26,0),
(33,0),
(41,0),
(16,1),
(20,1),
(24,1),
(31,1),
(41,1),
(2,2),
(6,2),
(16,2),
(20,2),
(27,2),
(4,3),
(11,3),
(12,3),
(19,3),
(28,3),
(16,4),
(22,4),
(25,4),
(35,4),
(38,4),
(1,5),
(7,5),
(17,5),
(20,5),
(24,5),
(12,6),
(18,6),
(29,6),
(35,6),
(40,6),
(12,7),
(18,7),
(28,7),
(34,7),
(38,7),
(16,8),
(23,8),
(26,8),
(30,8),
(37,8),
(2,9),
(7,9),
(14,9),
(21,9),
(29,9),
(5,10),
(9,10),
(12,10),
(19,10),
(29,10),
(13,11),
(20,11),
(29,11),
(35,11),
(38,11),
(0,12),
(11,12),
(12,12),
(22,12),
(25,12),
(15,13),
(20,13),
(28,13),
(33,13),
(39,13),
(14,14),
(23,14),
(25,14),
(33,14),
(37,14),
(17,15),
(18,15),
(28,15),
(33,15),
(37,15),
(12,16),
(21,16),
(28,16),
(35,16),
(37,16),
(3,17),
(11,17),
(15,17),
(20,17),
(25,17),
(17,18),
(20,18),
(25,18),
(35,18),
(38,18),
(16,19),
(22,19),
(29,19),
(30,19),
(36,19),
(4,20),
(7,20),
(16,20),
(18,20),
(27,20),
(13,21),
(20,21),
(28,21),
(32,21),
(38,21),
(16,22),
(20,22),
(27,22),
(30,22),
(39,22),
(12,23),
(23,23),
(28,23),
(32,23),
(41,23),
(17,24),
(22,24),
(27,24),
(33,24),
(37,24),
(2,25),
(11,25),
(12,25),
(21,25),
(28,25),
(4,26),
(6,26),
(13,26),
(20,26),
(29,26),
(4,27),
(7,27),
(15,27),
(18,27),
(25,27),
(3,28),
(11,28),
(15,28),
(21,28),
(26,28),
(5,29),
(10,29),
(16,29),
(18,29),
(27,29),
(16,30),
(18,30),
(29,30),
(34,30),
(40,30),
(2,31),
(11,31),
(15,31),
(22,31),
(28,31),
(14,32),
(23,32),
(29,32),
(30,32),
(40,32),
(0,33),
(7,33),
(16,33),
(18,33),
(24,33),
(17,34),
(21,34),
(29,34),
(34,34),
(41,34),
(13,35),
(22,35),
(25,35),
(33,35),
(40,35),
(2,36),
(9,36),
(16,36),
(22,36),
(28,36),
(4,37),
(9,37),
(17,37),
(20,37),
(25,37),
(17,38),
(20,38),
(26,38),
(34,38),
(38,38),
(14,39),
(19,39),
(28,39),
(30,39),
(36,39),
(16,40),
(21,40),
(24,40),
(33,40),
(37,40),
(2,41),
(10,41),
(16,41),
(18,41),
(24,41),
(14,42),
(22,42),
(29,42),
(31,42),
(36,42),
(13,43),
(23,43),
(27,43),
(33,43),
(38,43),
(2,44),
(10,44),
(13,44),
(22,44),
(25,44),
(0,45),
(8,45),
(15,45),
(19,45),
(27,45),
(3,46),
(10,46),
(13,46),
(22,46),
(29,46),
(5,47),
(11,47),
(14,47),
(22,47),
(27,47),
(16,48),
(21,48),
(25,48),
(31,48),
(39,48),
(15,49),
(21,49),
(24,49),
(30,49),
(38,49),
(14,50),
(20,50),
(25,50),
(30,50),
(36,50),
(4,51),
(11,51),
(12,51),
(21,51),
(24,51),
(2,52),
(7,52),
(13,52),
(19,52),
(26,52),
(13,53),
(21,53),
(25,53),
(34,53),
(36,53),
(4,54),
(10,54),
(17,54),
(20,54),
(29,54),
(2,55),
(10,55),
(17,55),
(23,55),
(27,55),
(16,56),
(20,56),
(26,56),
(33,56),
(39,56),
(15,57),
(23,57),
(29,57),
(33,57),
(37,57),
(3,58),
(11,58),
(14,58),
(22,58),
(28,58),
(5,59),
(6,59),
(14,59),
(20,59),
(24,59),
(2,60),
(11,60),
(14,60),
(20,60),
(29,60),
(3,61),
(6,61),
(16,61),
(21,61),
(29,61),
(14,62),
(18,62),
(26,62),
(35,62),
(41,62),
(4,63),
(11,63),
(13,63),
(23,63),
(27,63),
(0,64),
(9,64),
(16,64),
(18,64),
(24,64),
(1,65),
(8,65),
(16,65),
(19,65),
(26,65),
(16,66),
(22,66),
(29,66),
(30,66),
(41,66),
(5,67),
(10,67),
(15,67),
(23,67),
(25,67),
(4,68),
(9,68),
(15,68),
(22,68),
(26,68),
(1,69),
(8,69),
(14,69),
(23,69),
(25,69),
(16,70),
(19,70),
(26,70),
(35,70),
(38,70),
(5,71),
(11,71),
(15,71),
(18,71),
(28,71),
(1,72),
(8,72),
(17,72),
(23,72),
(25,72),
(17,73),
(18,73),
(27,73),
(32,73),
(39,73),
(5,74),
(8,74),
(12,74),
(23,74),
(29,74),
(16,75),
(18,75),
(28,75),
(32,75),
(38,75),
(17,76),
(20,76),
(25,76),
(31,76),
(36,76),
(16,77),
(19,77),
(29,77),
(35,77),
(41,77),
(5,78),
(11,78),
(12,78),
(19,78),
(25,78),
(1,79),
(6,79),
(14,79),
(23,79),
(26,79),
(12,80),
(18,80),
(26,80),
(34,80),
(39,80),
(13,81),
(21,81),
(26,81),
(31,81),
(38,81),
(3,82),
(7,82),
(17,82),
(20,82),
(28,82),
(16,83),
(18,83),
(28,83),
(35,83),
(41,83),
(16,84),
(22,84),
(24,84),
(34,84),
(37,84),
(5,85),
(8,85),
(12,85),
(22,85),
(25,85),
(17,86),
(21,86),
(28,86),
(30,86),
(36,86),
(5,87),
(7,87),
(17,87),
(20,87),
(28,87),
(4,88),
(9,88),
(12,88),
(21,88),
(27,88),
(1,89),
(10,89),
(12,89),
(23,89),
(28,89),
(1,90),
(7,90),
(13,90),
(22,90),
(28,90),
(17,91),
(18,91),
(27,91),
(32,91),
(40,91),
(17,92),
(18,92),
(28,92),
(34,92),
(39,92),
(2,93),
(8,93),
(16,93),
(23,93),
(27,93),
(3,94),
(9,94),
(14,94),
(21,94),
(25,94),
(14,95),
(19,95),
(24,95),
(31,95),
(36,95),
(12,96),
(18,96),
(26,96),
(30,96),
(39,96),
(1,97),
(7,97),
(17,97),
(23,97),
(28,97),
(13,98),
(19,98),
(27,98),
(34,98),
(39,98),
(13,99),
(20,99),
(28,99),
(33,99),
(38,99),
(5,100),
(9,100),
(13,100),
(19,100),
(27,100),
(16,101),
(22,101),
(25,101),
(32,101),
(38,101),
(15,102),
(21,102),
(27,102),
(33,102),
(36,102),
(13,103),
(23,103),
(29,103),
(32,103),
(41,103),
(13,104),
(23,104),
(28,104),
(33,104),
(39,104),
(16,105),
(21,105),
(28,105),
(34,105),
(36,105),
(17,106),
(18,106),
(29,106),
(32,106),
(41,106),
(5,107),
(9,107),
(14,107),
(20,107),
(24,107),
(14,108),
(21,108),
(24,108),
(33,108),
(37,108),
(14,109),
(20,109),
(24,109),
(30,109),
(37,109),
(2,110),
(9,110),
(12,110),
(21,110),
(27,110),
(4,111),
(8,111),
(13,111),
(20,111),
(28,111),
(0,112),
(6,112),
(12,112),
(21,112),
(27,112),
(3,113),
(6,113),
(13,113),
(23,113),
(29,113),
(1,114),
(8,114),
(12,114),
(20,114),
(25,114),
(4,115),
(11,115),
(16,115),
(19,115),
(27,115),
(12,116),
(22,116),
(27,116),
(34,116),
(36,116),
(13,117),
(21,117),
(29,117),
(34,117),
(37,117),
(16,118),
(23,118),
(27,118),
(32,118),
(36,118),
(4,119),
(9,119),
(17,119),
(18,119),
(24,119),
(0,120),
(8,120),
(17,120),
(20,120),
(24,120),
(0,121),
(10,121),
(12,121),
(18,121),
(25,121),
(4,122),
(10,122),
(14,122),
(18,122),
(26,122),
(4,123),
(10,123),
(15,123),
(19,123),
(26,123),
(0,124),
(9,124),
(16,124),
(23,124),
(25,124),
(1,125),
(10,125),
(17,125),
(19,125),
(25,125),
(15,126),
(19,126),
(28,126),
(32,126),
(38,126),
(14,127),
(21,127),
(25,127),
(32,127),
(40,127),
(15,128),
(18,128),
(24,128),
(34,128),
(41,128),
(13,129),
(21,129),
(29,129),
(31,129),
(40,129),
(3,130),
(10,130),
(12,130),
(23,130),
(25,130),
(13,131),
(22,131),
(25,131),
(35,131),
(36,131),
(4,132),
(11,132),
(14,132),
(20,132),
(26,132),
(12,133),
(23,133),
(24,133),
(33,133),
(40,133),
(15,134),
(22,134),
(29,134),
(34,134),
(38,134),
(12,135),
(21,135),
(26,135),
(33,135),
(37,135),
(3,136),
(9,136),
(16,136),
(23,136),
(27,136),
(13,137),
(20,137),
(26,137),
(34,137),
(38,137),
(5,138),
(9,138),
(14,138),
(18,138),
(27,138),
(15,139),
(18,139),
(29,139),
(30,139),
(40,139),
(14,140),
(19,140),
(25,140),
(31,140),
(39,140),
(3,141),
(7,141),
(16,141),
(20,141),
(25,141),
(15,142),
(23,142),
(28,142),
(32,142),
(41,142),
(17,143),
(22,143),
(28,143),
(34,143),
(36,143),
(17,144),
(20,144),
(24,144),
(34,144),
(41,144),
(5,145),
(11,145),
(13,145),
(21,145),
(25,145),
(1,146),
(7,146),
(15,146),
(20,146),
(28,146),
(17,147),
(20,147),
(27,147),
(35,147),
(39,147),
(15,148),
(19,148),
(26,148),
(35,148),
(36,148),
(15,149),
(19,149),
(28,149),
(30,149),
(41,149),
(15,150),
(22,150),
(29,150),
(32,150),
(41,150),
(1,151),
(6,151),
(12,151),
(21,151),
(25,151),
(2,152),
(10,152),
(14,152),
(20,152),
(26,152),
(14,153),
(21,153),
(27,153),
(34,153),
(39,153),
(17,154),
(18,154),
(27,154),
(31,154),
(38,154),
(12,155),
(19,155),
(28,155),
(32,155),
(36,155);
INSERT INTO Pricelist(idPricelist,Name)
                  VALUES
(0, 'Основной     '),
(1, 'Пасхальный   '),
(2, 'Постный      '),
(3, 'Новогодний   '),
(4, 'Летний       '),
(5, 'Зимний       '),
(6, 'Осенний      '),
(7, 'Весенний     '),
(8, 'Праздничный  ');
INSERT INTO PricelistInConfectionary(idConfectionary, idPricelist, ValideTime)
                  VALUES
(0,0, '31.12.2021'),
(0,1, '10.05.2021'),
(0,2, '10.05.2021'),
(0,3, '31.01.2021'),
(0,4, '31.08.2021'),
(0,5, '28.02.2021'),
(0,8, '31.12.2021'),
(1,0, '31.12.2021'),
(1,1, '10.05.2021'),
(1,2, '10.05.2021'),
(1,3, '31.01.2021'),
(1,4, '31.08.2021'),
(1,7, '31.05.2021'),
(1,8, '31.12.2021'),
(2,0, '31.12.2021'),
(2,1, '10.05.2021'),
(2,2, '10.05.2021'),
(2,6, '30.11.2021'),
(2,7, '31.05.2021'),
(2,8, '31.12.2021'),
(3,0, '31.12.2021'),
(3,1, '10.05.2021'),
(3,2, '10.05.2021'),
(3,3, '31.01.2021'),
(3,5, '28.02.2021'),
(3,7, '31.05.2021'),
(4,0, '31.12.2021'),
(4,1, '10.05.2021'),
(4,6, '30.11.2021'),
(5,0, '31.12.2021'),
(5,3, '31.01.2021'),
(5,8, '31.12.2021'),
(6,0, '31.12.2021'),
(6,1, '10.05.2021'),
(6,2, '10.05.2021'),
(6,7, '31.05.2021'),
(6,8, '31.12.2021'),
(7,0, '31.12.2021'),
(7,1, '10.05.2021'),
(7,2, '10.05.2021'),
(7,3, '31.01.2021'),
(7,4, '31.08.2021'),
(7,7, '31.05.2021'),
(8,0, '31.12.2021'),
(8,2, '10.05.2021'),
(8,4, '31.08.2021'),
(8,6, '30.11.2021'),
(8,7, '31.05.2021'),
(9,0, '31.12.2021'),
(9,1, '10.05.2021'),
(9,2, '10.05.2021'),
(9,4, '31.08.2021'),
(9,7, '31.05.2021');
INSERT INTO Cookware(Article, idConfectionary, Name, ShortDescription, Amount, Cost)
                  VALUES
('C-69888',0,'тарелка','a plate',950,7526),
('A-80983',1,'тарелка','a plate',979,7526),
('A-71201',2,'тарелка','a plate',963,7526),
('A-71033',4,'тарелка','a plate',860,7526),
('A-39755',5,'тарелка','a plate',576,7526),
('B-24534',9,'тарелка','a plate',397,7526),
('B-27004',0,'ложка','a spoon',548,6417),
('A-09854',1,'ложка','a spoon',620,6417),
('B-34096',3,'ложка','a spoon',173,6417),
('A-71958',4,'ложка','a spoon',955,6417),
('A-01036',6,'ложка','a spoon',910,6417),
('A-82352',8,'ложка','a spoon',375,6417),
('A-14300',9,'ложка','a spoon',876,6417),
('C-30133',1,'вилка','a fork',446,1508),
('A-22929',9,'вилка','a fork',176,1508),
('B-35408',1,'нож','a knife',310,9306),
('C-90851',3,'нож','a knife',438,9306),
('A-08091',4,'нож','a knife',823,9306),
('B-03312',5,'нож','a knife',375,9306),
('A-40839',8,'нож','a knife',168,9306),
('A-13116',9,'нож','a knife',471,9306),
('A-56205',1,'чайная ложка','a teaspoon',594,5916),
('C-12992',3,'чайная ложка','a teaspoon',222,5916),
('B-04955',4,'чайная ложка','a teaspoon',263,5916),
('C-76641',6,'чайная ложка','a teaspoon',634,5916),
('A-00536',7,'чайная ложка','a teaspoon',676,5916),
('C-03376',9,'чайная ложка','a teaspoon',51,5916),
('B-44455',1,'столовая ложка','a tablespoon',39,5849),
('A-15354',3,'столовая ложка','a tablespoon',462,5849),
('A-91002',5,'столовая ложка','a tablespoon',867,5849),
('B-47238',6,'столовая ложка','a tablespoon',648,5849),
('A-96990',7,'столовая ложка','a tablespoon',465,5849),
('A-18388',8,'столовая ложка','a tablespoon',837,5849),
('C-11743',9,'столовая ложка','a tablespoon',945,5849),
('C-46706',0,'десертная ложка','a dessert spoon',931,5301),
('A-67527',3,'десертная ложка','a dessert spoon',162,5301),
('A-57089',4,'десертная ложка','a dessert spoon',84,5301),
('A-44843',6,'десертная ложка','a dessert spoon',552,5301),
('A-71312',1,'чашка','a cup',317,2188),
('C-55607',8,'чашка','a cup',732,2188),
('B-91770',9,'чашка','a cup',853,2188),
('A-38028',0,'блюдце','a saucer',572,7165),
('A-51362',1,'блюдце','a saucer',750,7165),
('A-43755',2,'блюдце','a saucer',709,7165),
('A-00148',4,'блюдце','a saucer',431,7165),
('B-02180',5,'блюдце','a saucer',502,7165),
('B-16438',8,'блюдце','a saucer',615,7165),
('C-32070',1,'кружка','a mug',392,1579),
('A-65936',2,'кружка','a mug',41,1579),
('C-62170',3,'кружка','a mug',352,1579),
('C-32908',8,'кружка','a mug',704,1579),
('B-70223',0,'стакан, бокал','a glass',745,6129),
('A-40447',1,'стакан, бокал','a glass',619,6129),
('C-71321',5,'стакан, бокал','a glass',321,6129),
('C-58994',6,'стакан, бокал','a glass',53,6129),
('B-28982',9,'стакан, бокал','a glass',433,6129),
('B-25918',1,'миска, пиала','a bowl',890,2938),
('B-34854',7,'миска, пиала','a bowl',173,2938),
('B-57113',8,'миска, пиала','a bowl',563,2938),
('C-88544',9,'миска, пиала','a bowl',764,2938),
('A-61533',0,'сервировочное блюдо','a serving dish',574,9309),
('C-93036',3,'сервировочное блюдо','a serving dish',715,9309),
('A-78859',6,'сервировочное блюдо','a serving dish',105,9309),
('B-67489',8,'сервировочное блюдо','a serving dish',791,9309),
('A-01194',0,'весы','a scales',75,3894),
('A-42028',1,'весы','a scales',607,3894),
('B-67683',4,'весы','a scales',936,3894),
('B-47398',7,'весы','a scales',933,3894),
('A-00154',8,'весы','a scales',643,3894),
('C-28322',4,'китайские палочки для еды','a chopsticks',657,2080),
('B-52285',6,'китайские палочки для еды','a chopsticks',207,2080),
('C-45591',8,'китайские палочки для еды','a chopsticks',630,2080),
('A-60521',0,'бутылка','a bottle',402,931),
('B-71718',3,'бутылка','a bottle',419,931),
('A-23518',4,'бутылка','a bottle',254,931),
('C-70693',7,'бутылка','a bottle',69,931),
('C-20678',1,'банка','a jar',427,2287),
('A-73014',4,'банка','a jar',606,2287),
('B-52048',7,'банка','a jar',143,2287),
('C-67880',0,'кувшин','a jug',926,1722),
('B-12155',9,'кувшин','a jug',460,1722),
('A-23797',0,'сковорода','a frying pan',587,9477),
('C-37051',4,'сковорода','a frying pan',453,9477),
('C-17575',9,'сковорода','a frying pan',860,9477),
('A-20787',2,'кастрюля','a saucepan',943,7146),
('C-57537',3,'кастрюля','a saucepan',566,7146),
('A-89502',5,'кастрюля','a saucepan',738,7146),
('B-18207',7,'кастрюля','a saucepan',823,7146),
('A-45999',0,'супница','a tureen',341,9304),
('C-44523',4,'супница','a tureen',953,9304),
('C-92489',7,'супница','a tureen',275,9304),
('B-70601',9,'супница','a tureen',136,9304),
('B-37642',1,'форма для запекания','a casserole dish',207,8678),
('C-08927',2,'форма для запекания','a casserole dish',854,8678),
('A-36603',4,'форма для запекания','a casserole dish',81,8678),
('B-33157',7,'форма для запекания','a casserole dish',28,8678),
('B-46915',8,'форма для запекания','a casserole dish',162,8678),
('B-70050',6,'сотейник, закрытая кастрюля для тушения','a stewpot',210,3477),
('A-80282',8,'сотейник, закрытая кастрюля для тушения','a stewpot',321,3477),
('B-54954',6,'сковорода-гриль','a grill pan',867,6625),
('B-45664',7,'сковорода-гриль','a grill pan',53,6625),
('C-39953',8,'сковорода-гриль','a grill pan',58,6625),
('B-63012',3,'противень','a baking sheet',764,3925),
('A-38791',4,'противень','a baking sheet',332,3925),
('B-94871',5,'противень','a baking sheet',934,3925),
('A-43998',7,'противень','a baking sheet',744,3925),
('C-18251',0,'чугунок','a wok',715,8210),
('B-95939',4,'чугунок','a wok',11,8210),
('B-26134',5,'чугунок','a wok',480,8210),
('C-82533',6,'чугунок','a wok',805,8210),
('A-23058',7,'чугунок','a wok',278,8210),
('C-81355',1,'крышка','a lid (a cover)',815,2767),
('B-33523',2,'крышка','a lid (a cover)',546,2767),
('C-15773',4,'крышка','a lid (a cover)',320,2767),
('C-77111',5,'крышка','a lid (a cover)',935,2767),
('C-93700',0,'венчик для взбивания','a whisk',21,7474),
('A-36680',1,'венчик для взбивания','a whisk',665,7474),
('A-11292',2,'венчик для взбивания','a whisk',531,7474),
('B-13244',4,'венчик для взбивания','a whisk',198,7474),
('B-39877',6,'венчик для взбивания','a whisk',599,7474),
('A-55848',0,'терка','a grater',297,8048),
('C-70530',3,'терка','a grater',603,8048),
('C-24038',4,'терка','a grater',21,8048),
('A-02932',6,'терка','a grater',958,8048),
('A-53115',7,'терка','a grater',426,8048),
('A-35985',3,'овощечистка','a vegetable peeler',909,5420),
('C-69459',8,'овощечистка','a vegetable peeler',321,5420),
('A-06872',9,'овощечистка','a vegetable peeler',347,5420),
('B-27048',0,'штопор для бутылок','a corkscrew',859,5940),
('C-43077',2,'штопор для бутылок','a corkscrew',229,5940),
('B-92501',7,'штопор для бутылок','a corkscrew',614,5940),
('B-22957',8,'штопор для бутылок','a corkscrew',220,5940),
('A-89053',1,'молоток для отбивания мяса','a steak hammer',236,193),
('B-01377',4,'молоток для отбивания мяса','a steak hammer',650,193),
('A-12623',5,'молоток для отбивания мяса','a steak hammer',197,193),
('A-71606',7,'молоток для отбивания мяса','a steak hammer',889,193),
('B-77602',9,'молоток для отбивания мяса','a steak hammer',382,193),
('C-54070',1,'разделочная доска','a cutting (chopping) board',550,7429),
('B-70410',3,'разделочная доска','a cutting (chopping) board',946,7429),
('C-49781',7,'разделочная доска','a cutting (chopping) board',134,7429),
('B-73669',1,'ресс для чеснока','a garlic press',771,6282),
('B-43300',4,'ресс для чеснока','a garlic press',155,6282),
('B-23247',5,'ресс для чеснока','a garlic press',9,6282),
('A-77664',6,'ресс для чеснока','a garlic press',124,6282),
('C-33025',7,'ресс для чеснока','a garlic press',439,6282),
('C-19007',8,'ресс для чеснока','a garlic press',779,6282),
('A-83564',9,'ресс для чеснока','a garlic press',707,6282),
('B-80996',2,'ипцы для орехов','a nutcracker',16,6219),
('B-32499',6,'ипцы для орехов','a nutcracker',45,6219),
('A-75372',8,'ипцы для орехов','a nutcracker',625,6219),
('C-92116',9,'ипцы для орехов','a nutcracker',300,6219),
('A-51238',3,'поднос','a tray',950,5722),
('C-93126',6,'поднос','a tray',501,5722),
('C-36011',8,'поднос','a tray',272,5722),
('A-57810',0,'оронка','a funnel',545,4114),
('A-91061',1,'оронка','a funnel',709,4114),
('C-39289',2,'оронка','a funnel',683,4114),
('A-57877',5,'оронка','a funnel',353,4114),
('B-90666',6,'оронка','a funnel',508,4114),
('A-95973',7,'оронка','a funnel',170,4114),
('C-55707',9,'оронка','a funnel',666,4114),
('B-59952',0,'скатерть','a table cloth',140,9131),
('A-79848',2,'скатерть','a table cloth',291,9131),
('C-58532',3,'скатерть','a table cloth',546,9131),
('B-50450',4,'скатерть','a table cloth',173,9131),
('C-28105',6,'скатерть','a table cloth',230,9131),
('A-79048',9,'скатерть','a table cloth',686,9131),
('B-72477',1,'половник','a ladle',689,1644),
('A-96908',3,'половник','a ladle',866,1644),
('C-68229',4,'половник','a ladle',725,1644),
('A-88830',5,'половник','a ladle',968,1644),
('B-50929',6,'половник','a ladle',944,1644),
('B-53424',7,'половник','a ladle',492,1644),
('B-29248',9,'половник','a ladle',843,1644),
('B-09948',0,'кулинарная лопатка','a spatula',499,3242),
('B-83322',2,'кулинарная лопатка','a spatula',493,3242),
('C-72777',3,'кулинарная лопатка','a spatula',99,3242),
('A-12746',4,'кулинарная лопатка','a spatula',692,3242),
('B-76167',5,'кулинарная лопатка','a spatula',980,3242),
('B-39552',7,'кулинарная лопатка','a spatula',900,3242),
('C-08345',8,'кулинарная лопатка','a spatula',976,3242),
('A-62121',9,'кулинарная лопатка','a spatula',395,3242),
('C-46082',0,'консервный нож','a can-opener (a tin-opener)',689,890),
('C-31821',1,'консервный нож','a can-opener (a tin-opener)',478,890),
('A-06936',3,'консервный нож','a can-opener (a tin-opener)',855,890),
('C-70773',4,'консервный нож','a can-opener (a tin-opener)',546,890),
('A-63828',0,'мясорубка','a meat mincer',779,5218),
('B-65400',1,'мясорубка','a meat mincer',478,5218),
('B-20208',2,'мясорубка','a meat mincer',29,5218),
('C-91142',3,'мясорубка','a meat mincer',448,5218),
('A-02113',4,'мясорубка','a meat mincer',408,5218),
('A-63397',5,'мясорубка','a meat mincer',441,5218),
('A-91003',6,'мясорубка','a meat mincer',111,5218),
('C-49663',7,'мясорубка','a meat mincer',927,5218),
('C-87776',8,'мясорубка','a meat mincer',643,5218),
('B-74064',0,'дуршлаг, сито','a straine',873,9724),
('A-82871',3,'дуршлаг, сито','a straine',10,9724),
('A-45713',5,'дуршлаг, сито','a straine',302,9724),
('B-50715',6,'дуршлаг, сито','a straine',920,9724),
('C-56955',9,'дуршлаг, сито','a straine',987,9724),
('A-49598',0,'мельница для перца','a pepper mill',707,4151),
('A-54656',2,'мельница для перца','a pepper mill',416,4151),
('C-56213',3,'мельница для перца','a pepper mill',645,4151),
('A-16253',4,'мельница для перца','a pepper mill',914,4151),
('C-15079',5,'мельница для перца','a pepper mill',701,4151),
('B-32563',6,'мельница для перца','a pepper mill',895,4151),
('B-73244',1,'солонка','a salt shaker (a salt cellar)',233,5087),
('B-99293',2,'солонка','a salt shaker (a salt cellar)',644,5087),
('B-62320',5,'солонка','a salt shaker (a salt cellar)',732,5087),
('A-80066',8,'солонка','a salt shaker (a salt cellar)',433,5087),
('A-91266',9,'солонка','a salt shaker (a salt cellar)',71,5087),
('C-73812',1,'сахарница','a sugar bowl',846,3758),
('A-68133',5,'сахарница','a sugar bowl',610,3758),
('B-67471',9,'сахарница','a sugar bowl',617,3758),
('B-51400',0,'масленка','a butter dish',975,1940),
('A-51408',5,'масленка','a butter dish',48,1940),
('A-45476',6,'масленка','a butter dish',620,1940),
('B-96661',7,'масленка','a butter dish',826,1940),
('B-96457',8,'масленка','a butter dish',849,1940),
('B-57528',9,'масленка','a butter dish',590,1940),
('A-11235',0,'скалка','a rolling pin',895,677),
('B-08379',4,'скалка','a rolling pin',279,677),
('C-86284',6,'скалка','a rolling pin',749,677),
('C-38024',7,'скалка','a rolling pin',531,677),
('B-15223',8,'скалка','a rolling pin',92,677),
('A-24963',9,'скалка','a rolling pin',746,677),
('B-08629',0,'чайник','a kettle',703,2118),
('B-98898',2,'чайник','a kettle',569,2118),
('B-63605',4,'чайник','a kettle',840,2118),
('B-24991',5,'чайник','a kettle',543,2118),
('B-77886',8,'чайник','a kettle',927,2118),
('B-05089',9,'чайник','a kettle',722,2118),
('A-93708',1,'заварочный чайник','a teapot',571,613),
('A-88798',5,'заварочный чайник','a teapot',184,613),
('C-49932',7,'заварочный чайник','a teapot',756,613),
('A-17981',8,'заварочный чайник','a teapot',734,613),
('B-16446',9,'заварочный чайник','a teapot',904,613),
('B-03806',0,'тостер','a toaster',334,473),
('A-81524',4,'тостер','a toaster',657,473),
('B-16088',6,'тостер','a toaster',214,473),
('C-40789',7,'тостер','a toaster',500,473),
('A-58853',2,'миксер','a mixer',89,842),
('B-85929',5,'миксер','a mixer',701,842),
('A-18218',7,'миксер','a mixer',441,842),
('B-04190',8,'миксер','a mixer',26,842),
('C-64756',0,'кофемолка','a coffee grinder',104,9836),
('C-75083',4,'кофемолка','a coffee grinder',812,9836),
('C-42517',5,'кофемолка','a coffee grinder',777,9836),
('C-89586',5,'кофемашина','a coffee maker',166,8898),
('B-22327',8,'кофемашина','a coffee maker',423,8898),
('A-27921',9,'кофемашина','a coffee maker',603,8898),
('B-29610',0,'кухонный комбайн','a food processor',538,1214),
('B-54365',1,'кухонный комбайн','a food processor',450,1214),
('A-19870',2,'кухонный комбайн','a food processor',637,1214),
('B-64500',5,'кухонный комбайн','a food processor',472,1214),
('A-02886',6,'кухонный комбайн','a food processor',415,1214),
('A-43905',7,'кухонный комбайн','a food processor',217,1214),
('B-58043',0,'холодильник','a fridge (a refrigerator)',152,3512),
('A-69709',1,'холодильник','a fridge (a refrigerator)',179,3512),
('A-43876',4,'холодильник','a fridge (a refrigerator)',183,3512),
('C-56430',5,'холодильник','a fridge (a refrigerator)',798,3512),
('A-22903',6,'холодильник','a fridge (a refrigerator)',9,3512),
('B-37635',9,'холодильник','a fridge (a refrigerator)',746,3512),
('A-07668',0,'посудомоечная машин','a dishwasher',117,7907),
('B-81296',3,'посудомоечная машин','a dishwasher',20,7907),
('A-66576',4,'посудомоечная машин','a dishwasher',339,7907),
('A-67718',5,'посудомоечная машин','a dishwasher',724,7907),
('C-41717',6,'посудомоечная машин','a dishwasher',825,7907),
('B-64636',8,'посудомоечная машин','a dishwasher',497,7907),
('A-39193',2,'микроволновая печь','a microwave oven',736,1283),
('B-97688',3,'микроволновая печь','a microwave oven',676,1283),
('B-55821',5,'микроволновая печь','a microwave oven',365,1283),
('C-24427',8,'микроволновая печь','a microwave oven',412,1283),
('C-91405',1,'уховка','an oven',932,5653),
('A-38995',2,'уховка','an oven',746,5653),
('C-47239',4,'уховка','an oven',940,5653),
('B-21227',5,'уховка','an oven',59,5653),
('C-46323',8,'уховка','an oven',319,5653),
('B-66531',0,'плита','a cooker ( a stove)',478,1568),
('B-86377',2,'плита','a cooker ( a stove)',901,1568),
('A-96316',5,'плита','a cooker ( a stove)',373,1568),
('B-43803',7,'плита','a cooker ( a stove)',299,1568),
('A-70091',2,'фартук','an apron',707,5003),
('A-85821',3,'фартук','an apron',439,5003),
('C-56039',4,'фартук','an apron',863,5003),
('C-19413',5,'фартук','an apron',357,5003),
('A-27229',6,'фартук','an apron',463,5003),
('B-33494',7,'фартук','an apron',614,5003),
('A-62450',8,'фартук','an apron',531,5003),
('B-96626',9,'фартук','an apron',808,5003);
INSERT INTO Store(idStore, Name, Adress)
                  VALUES

                    (1,'Охотный Ряд','Манежная пл., 1, стр. 2'),
                    (2,'Рынок Люблино','109559'),
                    (4,'Европейский','пл. Киевского Вокзала, 2'),
                    (3,'ТРЦ Авиапарк','Ходынский б-р, 4'),
                    (5,'ТРЦ «Гагаринский»','ул. Вавилова, 3'),
                    (6,'ТРЦ "Атриум"','ул. Земляной Вал, 33'),
                    (7,'Афимолл Сити','Пресненская наб., 2'),
                    (8,'ТРЦ Ривьера','Автозаводская ул., 18'),
                    (9,'Москва','Кутузовский просп., 31'),
                    (10,'ИКЕА','Калужское ш., 21-й км'),
                    (11,'ИКЕА','Пресненская наб., 2'),
                    (12,'ИКЕА','Ходынский б-р, 4'),
                    (13,'ИКЕА','Лазоревый пр-д, 3 стр 10'),
                    (14,'ИКЕА','7-я Кожуховская ул., 9'),
                    (0,'ИКЕА','1-й Покровский пр-д, 4');
INSERT INTO CookwareInStore(idStore, Artice, Cost, Availability)
                   VALUES
(0,'C-69888',9982,456),
(0,'A-71033',4336,573),
(0,'A-39755',9519,928),
(0,'B-27004',6645,433),
(0,'A-09854',9751,237),
(0,'A-01036',7842,474),
(0,'C-30133',3203,657),
(0,'A-22929',565,660),
(0,'B-35408',9029,69),
(0,'A-08091',57,977),
(0,'A-13116',586,810),
(0,'A-56205',2889,12),
(0,'C-12992',2159,711),
(0,'B-04955',4984,3),
(0,'C-03376',51,954),
(0,'B-44455',1872,312),
(0,'C-11743',3824,997),
(0,'A-57089',8995,58),
(0,'C-55607',7763,548),
(0,'B-91770',8068,777),
(0,'A-43755',9717,819),
(0,'A-00148',2227,473),
(0,'C-32070',3356,596),
(0,'A-65936',5714,441),
(0,'C-32908',1762,904),
(0,'A-40447',272,620),
(0,'C-71321',7689,395),
(0,'B-28982',7297,278),
(0,'B-25918',9586,847),
(0,'B-57113',574,345),
(0,'C-88544',396,877),
(0,'A-61533',1631,452),
(0,'A-78859',9672,166),
(0,'C-28322',4353,498),
(0,'B-52285',8474,368),
(0,'C-20678',9830,777),
(0,'C-67880',1495,49),
(0,'B-12155',9007,413),
(0,'C-37051',1247,957),
(0,'C-17575',7398,237),
(0,'A-20787',3570,230),
(0,'C-92489',8134,108),
(0,'B-37642',7112,730),
(0,'C-08927',9759,245),
(0,'B-46915',1185,967),
(0,'B-70050',4274,378),
(0,'B-45664',9670,296),
(0,'A-38791',6160,832),
(0,'B-94871',355,155),
(0,'C-82533',4943,346),
(0,'C-15773',1962,942),
(0,'B-13244',6582,78),
(0,'B-39877',3257,604),
(0,'C-70530',2314,147),
(0,'A-53115',9427,304),
(0,'A-35985',4165,419),
(0,'C-69459',3816,514),
(0,'C-43077',6659,164),
(0,'A-89053',7124,637),
(0,'A-12623',5674,512),
(0,'B-73669',8805,109),
(0,'C-33025',1665,890),
(0,'C-19007',736,341),
(0,'A-83564',6108,445),
(0,'B-80996',5316,990),
(0,'B-32499',6385,951),
(0,'C-92116',6943,353),
(0,'A-51238',2913,398),
(0,'A-57810',8611,17),
(0,'C-39289',7891,19),
(0,'A-57877',9638,683),
(0,'A-95973',6443,399),
(0,'C-55707',8205,389),
(0,'B-59952',353,525),
(0,'A-79048',5074,959),
(0,'A-96908',7703,37),
(0,'A-88830',7927,584),
(0,'B-50929',4542,529),
(0,'B-29248',132,631),
(0,'B-83322',6509,433),
(0,'C-72777',4504,294),
(0,'A-12746',2737,635),
(0,'B-39552',4834,614),
(0,'A-62121',4282,638),
(0,'C-46082',5917,649),
(0,'A-06936',1327,754),
(0,'C-70773',6157,57),
(0,'A-63397',8563,261),
(0,'C-56955',6265,701),
(0,'A-49598',1969,175),
(0,'A-54656',705,128),
(0,'C-56213',4322,252),
(0,'A-16253',7594,398),
(0,'C-15079',8446,386),
(0,'B-32563',7499,400),
(0,'A-80066',1473,554),
(0,'B-96661',2948,262),
(0,'B-96457',5577,394),
(0,'B-57528',7879,546),
(0,'A-11235',8913,528),
(0,'B-08379',1409,735),
(0,'C-86284',478,789),
(0,'B-63605',4338,992),
(0,'B-24991',9548,502),
(0,'A-93708',4207,4),
(0,'C-49932',454,905),
(0,'B-85929',8768,654),
(0,'C-64756',9929,303),
(0,'C-42517',7512,587),
(0,'A-27921',5834,678),
(0,'B-29610',1042,181),
(0,'C-56430',5841,837),
(0,'A-66576',2781,201),
(0,'A-39193',5390,988),
(0,'B-97688',3729,114),
(0,'C-47239',5286,297),
(0,'B-21227',5037,190),
(0,'A-96316',9512,93),
(0,'A-70091',3435,224),
(0,'C-19413',3937,828),
(0,'A-27229',3759,863),
(0,'B-33494',1525,268),
(0,'A-62450',3078,923),
(0,'B-96626',6853,885),
(1,'A-80983',6818,762),
(1,'A-39755',1090,956),
(1,'B-24534',8242,974),
(1,'B-27004',6075,876),
(1,'B-34096',7134,327),
(1,'A-71958',1400,937),
(1,'A-01036',4469,783),
(1,'A-14300',5519,276),
(1,'C-30133',8121,444),
(1,'A-22929',8954,939),
(1,'C-90851',651,887),
(1,'A-08091',7367,835),
(1,'B-03312',794,8),
(1,'A-40839',4089,905),
(1,'C-12992',9664,453),
(1,'B-44455',66,72),
(1,'A-15354',1088,643),
(1,'A-91002',1090,899),
(1,'B-47238',3487,522),
(1,'A-96990',284,430),
(1,'A-18388',3603,868),
(1,'C-11743',2382,953),
(1,'A-57089',2688,687),
(1,'A-44843',6286,825),
(1,'C-55607',8889,310),
(1,'B-91770',7887,791),
(1,'A-38028',6285,586),
(1,'A-43755',575,31),
(1,'A-65936',9982,208),
(1,'C-62170',1928,718),
(1,'C-32908',4979,653),
(1,'A-40447',4264,803),
(1,'B-25918',2067,661),
(1,'B-57113',6027,388),
(1,'C-88544',9290,699),
(1,'A-61533',5518,657),
(1,'A-78859',4682,255),
(1,'A-42028',2902,579),
(1,'B-67683',1890,763),
(1,'B-47398',1285,284),
(1,'A-00154',7886,806),
(1,'C-28322',9714,192),
(1,'B-52285',8855,836),
(1,'A-60521',5154,539),
(1,'B-71718',2788,263),
(1,'C-70693',8966,911),
(1,'B-52048',6988,7),
(1,'C-37051',6003,823),
(1,'C-57537',5310,824),
(1,'A-89502',9684,286),
(1,'C-92489',3610,98),
(1,'B-70601',8719,421),
(1,'C-08927',883,818),
(1,'A-36603',3357,589),
(1,'B-33157',5824,309),
(1,'B-54954',7685,779),
(1,'B-45664',6675,925),
(1,'A-43998',8497,25),
(1,'C-18251',9797,282),
(1,'B-95939',5989,304),
(1,'B-26134',7448,556),
(1,'A-23058',6634,388),
(1,'C-81355',3237,555),
(1,'B-33523',8927,470),
(1,'C-77111',7370,381),
(1,'A-36680',1200,522),
(1,'A-55848',4646,918),
(1,'C-70530',7474,654),
(1,'A-53115',1422,247),
(1,'A-35985',9884,942),
(1,'B-27048',2823,326),
(1,'B-92501',8553,402),
(1,'B-22957',1877,861),
(1,'A-89053',8701,191),
(1,'A-71606',6573,530),
(1,'B-77602',9232,824),
(1,'C-49781',5577,815),
(1,'B-23247',2749,553),
(1,'C-33025',6858,419),
(1,'B-80996',9174,239),
(1,'B-32499',8237,575),
(1,'A-75372',4407,871),
(1,'C-92116',1789,642),
(1,'A-51238',6844,906),
(1,'C-93126',5525,122),
(1,'A-95973',6015,286),
(1,'A-79848',9579,416),
(1,'B-50450',4823,368),
(1,'A-88830',8557,240),
(1,'B-50929',5227,697),
(1,'B-09948',7518,439),
(1,'C-72777',4258,940),
(1,'A-12746',6471,983),
(1,'B-65400',8728,206),
(1,'A-02113',1299,11),
(1,'A-63397',9392,344),
(1,'A-91003',9533,163),
(1,'C-49663',7925,202),
(1,'C-87776',7968,616),
(1,'B-74064',1364,429),
(1,'A-82871',9332,654),
(1,'A-45713',4718,778),
(1,'C-56955',9505,95),
(1,'B-62320',419,702),
(1,'A-80066',4628,132),
(1,'C-73812',2334,219),
(1,'A-68133',7024,932),
(1,'B-67471',2505,450),
(1,'B-51400',8259,853),
(1,'A-51408',8655,270),
(1,'A-45476',6622,406),
(1,'B-96661',3901,761),
(1,'B-57528',3449,799),
(1,'C-86284',4807,434),
(1,'C-38024',3419,479),
(1,'B-15223',2297,684),
(1,'A-24963',1456,798),
(1,'B-24991',135,127),
(1,'B-77886',8621,3),
(1,'B-05089',1770,590),
(1,'A-93708',905,596),
(1,'A-81524',5013,975),
(1,'B-16088',7990,787),
(1,'C-40789',8805,698),
(1,'A-58853',1902,406),
(1,'A-18218',1279,385),
(1,'C-64756',5701,415),
(1,'A-27921',6449,488),
(1,'A-02886',9582,754),
(1,'A-69709',4871,372),
(1,'C-56430',2695,807),
(1,'A-22903',5378,524),
(1,'B-37635',4047,845),
(1,'C-41717',4696,143),
(1,'A-39193',7603,538),
(1,'B-55821',6837,519),
(1,'A-38995',843,572),
(1,'B-21227',5682,376),
(1,'C-46323',8350,48),
(1,'A-96316',1214,820),
(1,'A-70091',3044,313),
(1,'C-56039',7521,800),
(1,'A-62450',5022,30),
(1,'B-96626',9708,514),
(2,'C-69888',1941,302),
(2,'A-39755',8839,431),
(2,'B-24534',4684,612),
(2,'C-30133',3972,604),
(2,'A-22929',5696,972),
(2,'A-08091',7591,861),
(2,'B-03312',2872,123),
(2,'C-12992',692,869),
(2,'C-76641',5970,658),
(2,'A-00536',450,959),
(2,'C-03376',9949,206),
(2,'B-44455',6699,470),
(2,'A-15354',6796,634),
(2,'A-91002',841,311),
(2,'A-96990',5169,674),
(2,'A-67527',2882,814),
(2,'A-57089',3356,286),
(2,'A-44843',5789,827),
(2,'A-71312',7474,415),
(2,'C-55607',2450,663),
(2,'B-91770',5119,518),
(2,'A-38028',8997,308),
(2,'A-51362',9283,401),
(2,'A-43755',3170,320),
(2,'B-16438',8742,308),
(2,'C-32908',4329,699),
(2,'B-70223',4316,639),
(2,'C-58994',4911,327),
(2,'B-25918',7493,278),
(2,'C-88544',9341,431),
(2,'A-61533',5742,634),
(2,'A-78859',4521,357),
(2,'A-01194',5194,847),
(2,'A-42028',1237,3),
(2,'B-47398',381,184),
(2,'A-60521',8874,228),
(2,'B-71718',3568,63),
(2,'C-20678',3897,737),
(2,'B-52048',7907,141),
(2,'C-67880',5105,502),
(2,'A-23797',8464,711),
(2,'C-37051',1849,562),
(2,'A-20787',410,468),
(2,'A-89502',90,969),
(2,'C-44523',6978,954),
(2,'B-70601',1859,289),
(2,'C-08927',2781,446),
(2,'B-33157',9088,61),
(2,'A-80282',1140,107),
(2,'B-45664',1178,728),
(2,'C-39953',1068,604),
(2,'B-63012',5333,309),
(2,'C-18251',5141,216),
(2,'B-26134',3522,452),
(2,'C-81355',5725,697),
(2,'B-33523',9668,818),
(2,'C-15773',9745,872),
(2,'C-77111',2789,717),
(2,'C-93700',2340,564),
(2,'B-13244',833,935),
(2,'B-39877',7636,713),
(2,'A-55848',3066,983),
(2,'C-24038',7619,212),
(2,'A-06872',4970,629),
(2,'B-27048',9299,311),
(2,'A-89053',8295,74),
(2,'B-01377',2854,756),
(2,'B-77602',1544,238),
(2,'C-54070',2720,757),
(2,'C-49781',653,708),
(2,'B-23247',3127,396),
(2,'C-33025',6896,37),
(2,'A-83564',163,855),
(2,'B-80996',7829,687),
(2,'A-75372',3027,834),
(2,'C-92116',2933,768),
(2,'A-51238',3642,162),
(2,'A-57810',3108,817),
(2,'A-95973',2776,677),
(2,'A-88830',1087,614),
(2,'B-50929',8232,516),
(2,'C-72777',8414,739),
(2,'B-76167',2385,207),
(2,'A-62121',3544,182),
(2,'C-46082',6023,824),
(2,'A-63397',3272,639),
(2,'C-87776',3343,146),
(2,'A-82871',4278,349),
(2,'B-50715',9616,947),
(2,'C-56955',6556,918),
(2,'C-56213',2185,168),
(2,'C-15079',2357,833),
(2,'B-32563',659,689),
(2,'A-80066',2616,569),
(2,'A-91266',1164,879),
(2,'C-73812',1004,594),
(2,'A-68133',5258,385),
(2,'B-67471',8282,67),
(2,'B-51400',345,292),
(2,'B-98898',4068,271),
(2,'B-24991',594,882),
(2,'B-77886',7721,965),
(2,'A-88798',4725,644),
(2,'A-17981',1915,358),
(2,'B-16446',501,457),
(2,'A-81524',3879,305),
(2,'B-85929',8638,683),
(2,'A-18218',791,904),
(2,'C-75083',535,57),
(2,'C-89586',8548,707),
(2,'B-22327',240,123),
(2,'A-27921',2496,413),
(2,'B-29610',2877,944),
(2,'B-54365',8503,701),
(2,'A-19870',1312,332),
(2,'A-43905',4101,298),
(2,'B-58043',89,510),
(2,'A-69709',8158,517),
(2,'C-56430',5509,536),
(2,'A-22903',520,843),
(2,'B-37635',4637,818),
(2,'A-07668',6039,72),
(2,'A-66576',5819,86),
(2,'A-67718',2753,968),
(2,'B-97688',4528,88),
(2,'B-55821',895,569),
(2,'C-24427',2804,280),
(2,'B-86377',7325,696),
(2,'A-96316',2104,526),
(2,'A-70091',2347,137),
(2,'A-85821',6021,841),
(2,'C-56039',7849,721),
(2,'A-27229',254,960),
(2,'B-33494',3885,859),
(2,'A-62450',6913,375),
(3,'A-80983',3326,95),
(3,'A-71033',4652,859),
(3,'A-39755',4630,997),
(3,'B-24534',8694,285),
(3,'B-34096',7647,34),
(3,'A-71958',8573,155),
(3,'C-30133',8401,830),
(3,'A-22929',9417,343),
(3,'A-08091',8000,314),
(3,'B-03312',3706,984),
(3,'A-40839',3846,870),
(3,'C-12992',6227,376),
(3,'C-76641',4229,123),
(3,'A-00536',2314,488),
(3,'B-47238',9450,979),
(3,'A-96990',1216,679),
(3,'A-18388',659,555),
(3,'C-46706',5667,161),
(3,'A-57089',7614,676),
(3,'A-44843',9333,528),
(3,'B-91770',5435,958),
(3,'A-43755',1125,383),
(3,'A-00148',5528,983),
(3,'C-62170',7530,212),
(3,'B-70223',4948,856),
(3,'A-40447',1130,146),
(3,'C-71321',6512,342),
(3,'C-58994',2814,463),
(3,'B-25918',7487,545),
(3,'B-57113',3163,960),
(3,'B-67489',5895,571),
(3,'A-01194',8980,302),
(3,'A-42028',4580,360),
(3,'B-67683',6882,27),
(3,'B-47398',1048,916),
(3,'B-52285',9895,382),
(3,'A-60521',3663,650),
(3,'B-71718',178,510),
(3,'C-20678',2908,461),
(3,'A-73014',6530,559),
(3,'B-52048',2293,390),
(3,'C-67880',7938,41),
(3,'A-23797',3718,857),
(3,'C-17575',1123,863),
(3,'A-20787',2640,844),
(3,'C-57537',9620,615),
(3,'B-18207',6374,408),
(3,'A-45999',6018,192),
(3,'B-70601',5996,322),
(3,'B-37642',4811,589),
(3,'C-08927',7817,68),
(3,'A-36603',1070,117),
(3,'B-33157',7881,528),
(3,'B-46915',9166,389),
(3,'B-70050',7975,137),
(3,'B-54954',3055,719),
(3,'B-45664',1789,312),
(3,'A-38791',5807,529),
(3,'A-43998',2226,216),
(3,'C-18251',8714,584),
(3,'B-95939',418,588),
(3,'A-23058',5306,414),
(3,'C-81355',4073,257),
(3,'C-93700',1878,36),
(3,'A-36680',354,951),
(3,'A-02932',9268,517),
(3,'A-53115',5580,428),
(3,'A-35985',7880,868),
(3,'A-06872',7488,2),
(3,'B-27048',5890,635),
(3,'B-22957',2588,59),
(3,'A-89053',3694,106),
(3,'B-01377',6961,488),
(3,'A-71606',8894,923),
(3,'B-77602',2306,375),
(3,'C-54070',3229,783),
(3,'C-49781',6433,855),
(3,'B-43300',2973,232),
(3,'B-23247',9361,661),
(3,'C-19007',9745,947),
(3,'A-83564',6559,746),
(3,'C-93126',4159,925),
(3,'A-91061',2721,13),
(3,'B-90666',6966,127),
(3,'C-55707',3254,921),
(3,'B-59952',816,826),
(3,'A-79848',6987,524),
(3,'C-58532',2221,678),
(3,'B-50450',421,342),
(3,'C-28105',8697,968),
(3,'A-96908',5870,275),
(3,'C-68229',5362,286),
(3,'A-88830',1902,498),
(3,'B-50929',4190,307),
(3,'B-83322',8433,682),
(3,'C-72777',1139,812),
(3,'B-76167',2730,398),
(3,'B-39552',4175,565),
(3,'A-06936',1213,942),
(3,'C-70773',6867,101),
(3,'B-65400',5188,122),
(3,'C-91142',9663,419),
(3,'A-91003',2371,830),
(3,'C-49663',8945,445),
(3,'C-87776',8887,461),
(3,'B-74064',7208,160),
(3,'B-50715',5931,186),
(3,'C-56955',1951,907),
(3,'A-49598',6810,391),
(3,'A-54656',559,906),
(3,'C-56213',5361,877),
(3,'A-16253',3822,438),
(3,'B-32563',117,241),
(3,'B-62320',1566,749),
(3,'A-80066',4815,553),
(3,'B-51400',6886,414),
(3,'A-51408',2526,157),
(3,'B-96661',9591,585),
(3,'B-96457',6852,99),
(3,'C-86284',6234,321),
(3,'B-15223',6756,719),
(3,'B-08629',1108,252),
(3,'C-49932',278,443),
(3,'A-17981',1891,409),
(3,'A-81524',4993,293),
(3,'A-27921',1233,168),
(3,'B-29610',720,96),
(3,'B-64500',7962,935),
(3,'A-43905',8980,459),
(3,'A-43876',3479,837),
(3,'C-56430',2567,343),
(3,'A-22903',131,93),
(3,'B-64636',2672,348),
(3,'B-55821',5524,326),
(3,'C-24427',4918,249),
(3,'C-91405',1256,441),
(3,'B-86377',3390,898),
(3,'A-96316',1059,713),
(3,'A-70091',646,561),
(3,'C-56039',767,360),
(3,'C-19413',373,447),
(3,'A-27229',2348,330),
(3,'B-96626',2015,226),
(4,'C-69888',2632,658),
(4,'B-27004',7539,813),
(4,'A-09854',3897,263),
(4,'A-71958',1074,793),
(4,'A-01036',901,532),
(4,'A-82352',316,571),
(4,'A-14300',5991,404),
(4,'C-30133',6149,530),
(4,'A-22929',1482,645),
(4,'C-90851',660,690),
(4,'A-08091',4649,628),
(4,'B-03312',4745,774),
(4,'A-56205',2740,617),
(4,'C-12992',2536,202),
(4,'C-76641',6418,866),
(4,'C-03376',3013,765),
(4,'A-15354',7468,0),
(4,'A-91002',8883,680),
(4,'A-96990',3424,354),
(4,'A-18388',1429,118),
(4,'C-46706',1460,764),
(4,'A-67527',7075,905),
(4,'C-55607',6680,448),
(4,'B-91770',4646,443),
(4,'A-38028',2594,241),
(4,'A-51362',5195,867),
(4,'C-32070',3249,993),
(4,'A-65936',3878,285),
(4,'C-32908',7599,729),
(4,'B-70223',2347,185),
(4,'C-71321',6646,920),
(4,'C-58994',5446,860),
(4,'C-88544',7692,361),
(4,'A-61533',5396,92),
(4,'A-78859',3023,144),
(4,'A-01194',5756,763),
(4,'B-52285',6601,148),
(4,'C-20678',3720,78),
(4,'C-67880',156,319),
(4,'A-23797',4046,316),
(4,'C-37051',1376,913),
(4,'C-17575',9026,644),
(4,'A-89502',9984,947),
(4,'B-18207',7933,775),
(4,'C-08927',7073,177),
(4,'B-46915',5508,382),
(4,'B-70050',7031,620),
(4,'A-80282',4929,334),
(4,'B-45664',7157,940),
(4,'C-39953',3958,348),
(4,'A-38791',9492,0),
(4,'C-18251',9078,97),
(4,'C-81355',9861,970),
(4,'B-33523',9127,727),
(4,'C-93700',736,617),
(4,'C-24038',6296,44),
(4,'A-02932',9784,224),
(4,'C-69459',7486,898),
(4,'C-43077',8134,144),
(4,'A-89053',8385,13),
(4,'B-77602',4822,94),
(4,'B-73669',8962,265),
(4,'B-23247',319,993),
(4,'A-83564',9429,93),
(4,'B-80996',4342,169),
(4,'A-75372',6755,251),
(4,'A-51238',1861,469),
(4,'C-93126',7254,871),
(4,'A-57810',1152,349),
(4,'C-39289',7887,399),
(4,'A-95973',133,811),
(4,'C-55707',3598,707),
(4,'B-59952',1946,764),
(4,'C-58532',3500,477),
(4,'C-28105',541,805),
(4,'A-96908',734,548),
(4,'C-68229',7370,372),
(4,'A-88830',5244,729),
(4,'B-50929',5319,33),
(4,'B-53424',895,985),
(4,'B-29248',9704,545),
(4,'C-72777',3707,167),
(4,'A-12746',613,586),
(4,'B-76167',5985,26),
(4,'C-08345',7230,818),
(4,'A-62121',5659,75),
(4,'C-46082',8183,331),
(4,'C-31821',5576,4),
(4,'B-65400',8395,79),
(4,'B-20208',7400,520),
(4,'C-91142',1852,715),
(4,'A-02113',9871,16),
(4,'A-63397',4341,829),
(4,'C-87776',3360,638),
(4,'C-56213',528,285),
(4,'C-15079',9309,807),
(4,'B-32563',1511,533),
(4,'B-99293',9143,798),
(4,'A-68133',5673,543),
(4,'B-67471',1020,647),
(4,'B-96457',5241,604),
(4,'A-11235',2308,766),
(4,'C-86284',1913,773),
(4,'C-38024',4250,284),
(4,'B-08629',8931,4),
(4,'B-98898',7161,356),
(4,'B-63605',6870,343),
(4,'B-24991',2712,138),
(4,'A-88798',6299,132),
(4,'C-49932',1299,404),
(4,'B-03806',7908,536),
(4,'A-81524',428,669),
(4,'B-85929',2972,520),
(4,'A-18218',7864,302),
(4,'B-04190',4697,818),
(4,'C-75083',9561,128),
(4,'A-27921',6877,811),
(4,'B-64500',5391,65),
(4,'A-43905',5453,130),
(4,'A-22903',4566,734),
(4,'B-81296',2548,49),
(4,'B-64636',9932,102),
(4,'B-97688',6049,370),
(4,'B-55821',7467,845),
(4,'C-91405',8582,927),
(4,'B-21227',4315,92),
(4,'B-66531',2223,568),
(5,'C-69888',9996,440),
(5,'A-80983',9508,685),
(5,'A-71201',1416,728),
(5,'B-24534',8534,962),
(5,'B-34096',4790,225),
(5,'A-14300',7522,147),
(5,'C-30133',7457,979),
(5,'C-90851',1394,665),
(5,'A-08091',542,13),
(5,'B-03312',514,631),
(5,'C-76641',9614,937),
(5,'C-03376',4665,952),
(5,'B-44455',307,327),
(5,'A-91002',3906,521),
(5,'C-46706',4657,107),
(5,'A-57089',6964,618),
(5,'A-44843',397,955),
(5,'A-71312',9437,248),
(5,'C-55607',4213,999),
(5,'B-91770',1797,732),
(5,'A-38028',4679,911),
(5,'A-51362',4524,657),
(5,'A-43755',5612,77),
(5,'A-00148',7834,611),
(5,'B-02180',7315,835),
(5,'B-16438',4268,472),
(5,'A-65936',7996,763),
(5,'B-70223',4755,136),
(5,'A-40447',3613,967),
(5,'B-28982',5313,200),
(5,'B-25918',4287,34),
(5,'A-61533',5088,506),
(5,'A-42028',2355,635),
(5,'B-47398',8874,473),
(5,'A-00154',5675,388),
(5,'C-28322',1244,865),
(5,'B-52285',6957,848),
(5,'A-60521',7338,114),
(5,'A-73014',810,704),
(5,'B-52048',962,361),
(5,'C-67880',2452,940),
(5,'C-37051',4051,756),
(5,'A-20787',1193,401),
(5,'C-57537',3531,38),
(5,'B-18207',5712,775),
(5,'A-45999',4343,873),
(5,'C-44523',7442,197),
(5,'C-92489',1098,800),
(5,'B-37642',7436,246),
(5,'A-36603',5843,364),
(5,'B-54954',3924,313),
(5,'B-63012',1929,931),
(5,'A-38791',4790,372),
(5,'A-43998',6858,147),
(5,'C-15773',9936,124),
(5,'C-77111',641,46),
(5,'C-93700',6531,382),
(5,'A-11292',3062,221),
(5,'B-13244',6340,661),
(5,'A-55848',8281,705),
(5,'C-24038',6281,744),
(5,'A-53115',2228,310),
(5,'A-35985',674,929),
(5,'B-92501',8100,862),
(5,'B-22957',8620,878),
(5,'A-89053',3894,237),
(5,'A-12623',190,549),
(5,'B-77602',2987,242),
(5,'A-77664',9804,42),
(5,'C-19007',8280,114),
(5,'C-92116',6248,921),
(5,'A-51238',5256,375),
(5,'A-91061',2541,303),
(5,'C-39289',5559,336),
(5,'B-90666',9450,594),
(5,'C-55707',3155,578),
(5,'A-79848',1370,823),
(5,'B-50450',6472,282),
(5,'C-28105',7204,621),
(5,'A-79048',735,286),
(5,'B-72477',6456,455),
(5,'B-53424',5998,834),
(5,'B-76167',8077,772),
(5,'C-08345',7094,371),
(5,'A-62121',3932,674),
(5,'C-46082',4824,778),
(5,'A-06936',105,336),
(5,'C-70773',6583,262),
(5,'A-63828',203,677),
(5,'B-65400',9315,118),
(5,'B-20208',9096,367),
(5,'A-02113',5493,791),
(5,'B-74064',8126,943),
(5,'A-45713',5766,761),
(5,'B-50715',2435,460),
(5,'A-49598',6643,873),
(5,'A-54656',5147,213),
(5,'C-56213',912,808),
(5,'C-15079',7932,15),
(5,'A-68133',4565,112),
(5,'B-67471',7542,169),
(5,'B-51400',4510,445),
(5,'B-96457',9392,5),
(5,'A-11235',3582,483),
(5,'B-08379',1968,486),
(5,'C-38024',5160,188),
(5,'B-15223',403,526),
(5,'A-24963',8113,478),
(5,'B-08629',4775,810),
(5,'B-98898',5507,793),
(5,'B-63605',4670,919),
(5,'B-16446',462,682),
(5,'A-81524',4433,905),
(5,'C-40789',8951,525),
(5,'A-58853',6123,437),
(5,'B-85929',5520,85),
(5,'A-18218',5089,529),
(5,'C-64756',7672,599),
(5,'C-75083',7899,190),
(5,'C-89586',7545,984),
(5,'A-19870',3191,6),
(5,'A-02886',2713,480),
(5,'A-43905',6623,431),
(5,'B-58043',5498,483),
(5,'A-43876',1404,635),
(5,'C-56430',987,691),
(5,'B-37635',5812,243),
(5,'A-67718',519,683),
(5,'B-64636',4055,392),
(5,'B-97688',6043,577),
(5,'B-55821',6044,106),
(5,'C-91405',9445,697),
(5,'A-38995',2433,319),
(5,'B-66531',3309,883),
(5,'B-86377',5139,466),
(5,'A-96316',6901,188),
(5,'C-19413',4152,481),
(5,'A-27229',6320,273),
(5,'A-62450',7696,414),
(5,'B-96626',6866,841),
(6,'C-69888',788,932),
(6,'A-71201',1477,270),
(6,'A-71033',3530,950),
(6,'B-24534',154,545),
(6,'A-09854',2086,190),
(6,'A-71958',4627,858),
(6,'A-01036',1553,425),
(6,'A-14300',7900,246),
(6,'C-30133',7797,375),
(6,'A-22929',4720,688),
(6,'A-08091',2502,907),
(6,'A-40839',9534,532),
(6,'A-56205',6348,781),
(6,'C-03376',8450,553),
(6,'B-44455',2542,742),
(6,'A-15354',5701,205),
(6,'A-96990',58,16),
(6,'C-11743',5811,627),
(6,'A-67527',2741,821),
(6,'A-57089',7070,401),
(6,'A-44843',3802,757),
(6,'A-71312',7776,672),
(6,'C-55607',4787,830),
(6,'B-91770',3638,271),
(6,'A-51362',5800,382),
(6,'B-16438',3351,305),
(6,'C-32070',4104,704),
(6,'C-62170',2862,6),
(6,'C-32908',372,757),
(6,'B-70223',2662,863),
(6,'A-40447',5043,383),
(6,'C-71321',9872,394),
(6,'B-28982',9957,494),
(6,'B-25918',5695,976),
(6,'B-34854',6652,414),
(6,'B-57113',5709,894),
(6,'C-88544',801,540),
(6,'C-93036',3725,434),
(6,'A-42028',6227,604),
(6,'B-47398',589,832),
(6,'C-28322',2797,534),
(6,'B-52285',6044,217),
(6,'B-71718',5040,691),
(6,'A-23518',65,504),
(6,'B-12155',4080,949),
(6,'C-17575',4146,163),
(6,'A-20787',2930,349),
(6,'A-89502',5916,315),
(6,'B-37642',9069,507),
(6,'C-39953',6385,139),
(6,'A-38791',681,991),
(6,'A-43998',5839,32),
(6,'B-95939',9324,576),
(6,'A-23058',6489,334),
(6,'C-81355',1082,3),
(6,'B-33523',9952,500),
(6,'C-15773',4121,837),
(6,'C-93700',512,238),
(6,'A-11292',4355,681),
(6,'A-55848',5415,492),
(6,'A-53115',6307,890),
(6,'A-06872',3914,997),
(6,'B-27048',9772,931),
(6,'B-92501',8029,775),
(6,'B-22957',5613,305),
(6,'A-89053',9605,367),
(6,'B-01377',9257,749),
(6,'C-54070',9109,210),
(6,'B-70410',1973,132),
(6,'C-49781',1671,269),
(6,'A-77664',6746,316),
(6,'C-33025',8736,438),
(6,'C-19007',146,393),
(6,'B-80996',5908,687),
(6,'A-75372',2902,261),
(6,'C-92116',4014,954),
(6,'A-51238',5067,997),
(6,'C-36011',2035,343),
(6,'C-39289',8528,630),
(6,'A-57877',8534,60),
(6,'A-95973',5023,599),
(6,'C-55707',3624,116),
(6,'B-59952',8755,226),
(6,'A-79848',102,768),
(6,'C-58532',1758,100),
(6,'A-79048',7538,388),
(6,'B-72477',5286,749),
(6,'A-88830',8297,488),
(6,'B-53424',141,724),
(6,'C-72777',2455,380),
(6,'B-76167',9439,458),
(6,'C-08345',1001,670),
(6,'C-46082',3305,469),
(6,'A-06936',6983,352),
(6,'B-65400',1960,170),
(6,'A-63397',5977,757),
(6,'A-91003',3781,958),
(6,'B-74064',6617,682),
(6,'C-56955',7427,554),
(6,'C-15079',7600,492),
(6,'B-32563',4919,245),
(6,'B-73244',956,313),
(6,'B-99293',2518,762),
(6,'A-80066',885,982),
(6,'A-91266',3836,108),
(6,'B-67471',6584,623),
(6,'B-51400',4804,295),
(6,'B-96661',4214,82),
(6,'B-57528',9619,60),
(6,'C-86284',7036,906),
(6,'C-38024',9315,970),
(6,'B-15223',3893,687),
(6,'A-24963',3937,895),
(6,'B-08629',8773,855),
(6,'B-98898',505,628),
(6,'B-63605',4588,863),
(6,'B-05089',5731,8),
(6,'A-93708',7717,202),
(6,'A-88798',3177,407),
(6,'B-16446',5328,359),
(6,'B-03806',8184,526),
(6,'A-81524',9610,331),
(6,'A-58853',4316,738),
(6,'B-85929',3599,275),
(6,'A-18218',1191,552),
(6,'C-75083',4256,102),
(6,'C-42517',5192,451),
(6,'C-89586',7399,973),
(6,'A-27921',372,990),
(6,'B-29610',2725,923),
(6,'B-54365',9090,676),
(6,'A-19870',3703,889),
(6,'B-58043',2343,261),
(6,'A-43876',7921,626),
(6,'A-07668',3015,21),
(6,'A-67718',2717,594),
(6,'B-64636',3232,734),
(6,'A-39193',3796,505),
(6,'B-55821',2849,62),
(6,'C-91405',158,85),
(6,'A-38995',1116,176),
(6,'B-21227',9359,738),
(6,'C-46323',8633,341),
(6,'B-66531',687,434),
(6,'B-86377',8009,946),
(6,'A-96316',8210,792),
(6,'A-70091',8842,6),
(6,'C-56039',7704,867),
(6,'C-19413',5651,976),
(6,'B-33494',9200,430),
(6,'B-96626',6184,571),
(7,'C-69888',2228,154),
(7,'A-80983',7839,866),
(7,'A-71201',9479,154),
(7,'A-71033',9399,183),
(7,'A-39755',8703,26),
(7,'B-24534',909,114),
(7,'A-01036',2208,124),
(7,'A-82352',4577,518),
(7,'C-90851',9600,430),
(7,'A-08091',8869,576),
(7,'B-03312',3842,777),
(7,'A-40839',4799,607),
(7,'A-13116',4092,49),
(7,'C-12992',4653,414),
(7,'B-04955',8639,648),
(7,'C-03376',7736,154),
(7,'A-91002',5810,500),
(7,'A-18388',9918,785),
(7,'A-67527',9145,772),
(7,'A-57089',1389,354),
(7,'A-44843',257,84),
(7,'B-91770',1444,83),
(7,'A-38028',3039,262),
(7,'A-00148',1160,380),
(7,'B-16438',8841,725),
(7,'C-32070',5434,457),
(7,'A-65936',5198,636),
(7,'C-62170',8509,817),
(7,'C-32908',3801,930),
(7,'B-70223',2885,788),
(7,'A-40447',2068,391),
(7,'B-57113',2363,165),
(7,'C-88544',3606,107),
(7,'A-61533',650,14),
(7,'C-93036',6657,568),
(7,'A-01194',7986,107),
(7,'B-47398',2203,459),
(7,'A-00154',1114,512),
(7,'C-28322',9446,992),
(7,'A-60521',7946,758),
(7,'B-71718',3571,651),
(7,'C-70693',9791,808),
(7,'C-20678',3783,901),
(7,'A-73014',6664,211),
(7,'C-67880',5749,77),
(7,'B-12155',8411,507),
(7,'C-37051',9379,64),
(7,'C-17575',2846,144),
(7,'A-20787',6738,447),
(7,'A-45999',1995,799),
(7,'C-92489',2826,773),
(7,'B-70601',5518,493),
(7,'C-08927',5020,180),
(7,'B-33157',9229,987),
(7,'C-39953',1570,225),
(7,'A-38791',7068,954),
(7,'C-18251',4392,283),
(7,'B-26134',5321,501),
(7,'C-82533',1630,577),
(7,'C-81355',3022,473),
(7,'B-33523',5558,462),
(7,'A-55848',7858,440),
(7,'C-70530',8454,847),
(7,'C-24038',9066,492),
(7,'A-35985',597,454),
(7,'A-06872',5002,423),
(7,'B-22957',7035,104),
(7,'A-89053',8182,605),
(7,'B-01377',1161,57),
(7,'A-71606',5031,584),
(7,'B-77602',888,634),
(7,'C-49781',2586,889),
(7,'B-43300',4325,289),
(7,'B-23247',8274,81),
(7,'C-33025',5773,98),
(7,'B-32499',5680,442),
(7,'A-75372',9556,546),
(7,'C-92116',785,184),
(7,'C-36011',664,182),
(7,'C-39289',5867,124),
(7,'A-57877',8736,876),
(7,'A-95973',8019,591),
(7,'A-79848',790,304),
(7,'C-28105',2692,123),
(7,'A-79048',1310,477),
(7,'B-72477',3119,607),
(7,'A-96908',9440,482),
(7,'C-68229',9524,889),
(7,'B-53424',1417,534),
(7,'B-83322',4991,104),
(7,'B-39552',947,254),
(7,'A-62121',7485,102),
(7,'A-06936',9794,430),
(7,'A-63828',6308,494),
(7,'B-65400',5634,47),
(7,'B-20208',6372,270),
(7,'A-63397',8499,565),
(7,'C-49663',3576,421),
(7,'B-74064',9024,333),
(7,'A-82871',2481,415),
(7,'A-45713',2870,37),
(7,'A-54656',9052,959),
(7,'A-16253',6485,368),
(7,'B-73244',6851,492),
(7,'B-99293',9148,455),
(7,'B-62320',8735,864),
(7,'A-80066',3760,523),
(7,'A-91266',1757,523),
(7,'C-73812',7366,203),
(7,'A-51408',76,727),
(7,'A-45476',5475,119),
(7,'A-11235',5916,726),
(7,'C-38024',8035,961),
(7,'A-24963',4812,151),
(7,'B-08629',8855,504),
(7,'B-98898',5646,908),
(7,'B-63605',1565,196),
(7,'B-24991',7281,887),
(7,'A-93708',4794,158),
(7,'C-49932',7256,640),
(7,'A-81524',4065,204),
(7,'A-58853',9526,770),
(7,'B-85929',9946,176),
(7,'A-18218',770,967),
(7,'C-64756',3699,94),
(7,'C-75083',1843,419),
(7,'A-19870',1389,46),
(7,'B-64500',3939,234),
(7,'A-02886',3643,525),
(7,'A-43905',5688,191),
(7,'A-69709',7866,602),
(7,'A-43876',650,392),
(7,'C-56430',4900,781),
(7,'A-22903',3715,620),
(7,'B-64636',9848,500),
(7,'B-97688',7772,307),
(7,'C-47239',7356,681),
(7,'C-46323',9953,732),
(7,'A-96316',6969,188),
(7,'A-70091',7592,794),
(7,'B-33494',2933,229),
(8,'C-69888',929,140),
(8,'A-80983',3356,347),
(8,'A-71201',6150,623),
(8,'A-71033',9149,386),
(8,'B-24534',2693,723),
(8,'B-27004',9444,580),
(8,'B-34096',9510,310),
(8,'A-71958',1446,773),
(8,'C-30133',9173,238),
(8,'A-22929',9884,871),
(8,'B-35408',3501,237),
(8,'C-90851',962,826),
(8,'A-40839',693,190),
(8,'A-13116',2649,308),
(8,'A-56205',8429,524),
(8,'B-04955',9925,301),
(8,'A-00536',2124,157),
(8,'B-47238',2912,69),
(8,'C-46706',2093,942),
(8,'A-67527',2152,764),
(8,'A-44843',2709,47),
(8,'B-02180',279,3),
(8,'B-16438',7679,994),
(8,'C-32070',4336,684),
(8,'C-62170',9588,623),
(8,'B-70223',6492,897),
(8,'A-40447',8880,863),
(8,'C-58994',4247,471),
(8,'C-88544',6917,662),
(8,'A-78859',2399,981),
(8,'B-67489',1693,838),
(8,'C-28322',1521,516),
(8,'B-52285',9060,834),
(8,'A-60521',1432,273),
(8,'B-71718',1363,887),
(8,'C-70693',2169,380),
(8,'A-73014',8305,660),
(8,'C-67880',9405,563),
(8,'B-18207',9582,684),
(8,'C-92489',4068,347),
(8,'B-70601',1298,369),
(8,'B-37642',2530,55),
(8,'A-36603',8679,923),
(8,'B-46915',6143,596),
(8,'B-70050',6063,494),
(8,'A-80282',7986,144),
(8,'C-39953',3755,935),
(8,'C-18251',2742,94),
(8,'B-95939',5762,163),
(8,'C-82533',6954,548),
(8,'A-23058',3419,93),
(8,'B-33523',2890,344),
(8,'C-77111',4160,195),
(8,'C-93700',9163,386),
(8,'A-36680',1325,882),
(8,'C-70530',2604,332),
(8,'C-69459',7463,669),
(8,'A-06872',2527,931),
(8,'A-12623',701,971),
(8,'B-77602',885,836),
(8,'B-70410',9450,443),
(8,'B-43300',7253,378),
(8,'C-19007',5330,410),
(8,'A-83564',4273,426),
(8,'B-80996',5733,647),
(8,'A-75372',3843,74),
(8,'C-92116',4477,366),
(8,'A-51238',5806,138),
(8,'C-36011',1179,276),
(8,'C-39289',235,959),
(8,'A-57877',9098,416),
(8,'B-90666',1860,924),
(8,'C-58532',6251,443),
(8,'A-79048',8832,941),
(8,'A-96908',9059,403),
(8,'B-50929',5355,752),
(8,'C-72777',5421,246),
(8,'C-08345',9710,947),
(8,'C-31821',6588,991),
(8,'C-70773',490,674),
(8,'A-63828',5653,768),
(8,'A-02113',9126,107),
(8,'A-63397',7481,46),
(8,'B-74064',5975,181),
(8,'A-82871',6070,924),
(8,'A-45713',8768,638),
(8,'A-49598',5878,765),
(8,'A-54656',6262,14),
(8,'A-16253',5534,487),
(8,'C-15079',8236,758),
(8,'B-73244',8030,277),
(8,'B-62320',3391,381),
(8,'C-73812',4292,696),
(8,'B-67471',3160,173),
(8,'B-96661',3574,459),
(8,'B-96457',817,11),
(8,'B-57528',6959,534),
(8,'A-11235',2377,705),
(8,'B-15223',5262,959),
(8,'B-08629',8093,638),
(8,'B-24991',1908,326),
(8,'A-88798',3629,915),
(8,'C-49932',3738,718),
(8,'A-17981',2558,813),
(8,'B-16446',7961,973),
(8,'B-03806',2707,904),
(8,'C-40789',6908,665),
(8,'B-04190',9589,708),
(8,'C-64756',6457,73),
(8,'C-75083',1570,220),
(8,'C-89586',6374,246),
(8,'B-29610',1372,676),
(8,'B-54365',9967,623),
(8,'A-02886',9427,405),
(8,'A-43905',3859,507),
(8,'B-58043',8914,990),
(8,'A-69709',3583,280),
(8,'A-43876',8589,939),
(8,'A-07668',6312,199),
(8,'B-81296',3510,568),
(8,'B-64636',8607,399),
(8,'B-97688',8097,920),
(8,'B-55821',2171,4),
(8,'C-24427',970,607),
(8,'C-91405',4930,146),
(8,'C-46323',4425,889),
(8,'B-66531',9162,427),
(8,'A-96316',5419,596),
(8,'B-43803',4890,164),
(8,'A-85821',5683,566),
(8,'C-56039',4335,703),
(8,'A-27229',3399,389),
(9,'C-69888',4321,760),
(9,'A-39755',1334,242),
(9,'B-24534',2074,328),
(9,'B-27004',7949,609),
(9,'B-34096',5723,705),
(9,'A-01036',6130,190),
(9,'A-82352',3906,910),
(9,'A-14300',401,312),
(9,'C-30133',2380,607),
(9,'B-35408',8183,664),
(9,'A-13116',3622,739),
(9,'C-12992',2138,443),
(9,'B-04955',155,821),
(9,'C-76641',2717,932),
(9,'A-15354',1037,703),
(9,'A-91002',5133,559),
(9,'B-47238',6744,195),
(9,'A-18388',7831,372),
(9,'A-67527',743,793),
(9,'A-57089',6770,704),
(9,'A-44843',8672,835),
(9,'A-71312',7478,112),
(9,'A-00148',9391,532),
(9,'B-02180',5506,467),
(9,'A-65936',2358,488),
(9,'C-62170',9788,302),
(9,'C-32908',3412,672),
(9,'C-71321',6204,868),
(9,'B-25918',7703,453),
(9,'B-34854',8009,470),
(9,'C-93036',7973,430),
(9,'A-78859',9176,622),
(9,'B-67489',7969,679),
(9,'A-42028',1145,12),
(9,'C-45591',6252,823),
(9,'A-60521',2128,624),
(9,'A-23518',67,404),
(9,'C-70693',2858,210),
(9,'A-73014',8927,66),
(9,'B-52048',9431,371),
(9,'C-37051',607,3),
(9,'A-20787',3717,304),
(9,'C-57537',6432,402),
(9,'C-92489',6420,141),
(9,'C-08927',1407,283),
(9,'B-70050',1337,870),
(9,'B-54954',9858,66),
(9,'C-39953',1779,878),
(9,'B-63012',5831,945),
(9,'A-38791',6485,454),
(9,'B-94871',4086,179),
(9,'A-43998',4844,830),
(9,'B-95939',4177,157),
(9,'B-26134',527,314),
(9,'C-82533',6063,56),
(9,'C-81355',5019,866),
(9,'C-77111',4812,315),
(9,'C-93700',5178,793),
(9,'A-11292',7090,955),
(9,'B-13244',1215,238),
(9,'B-39877',9330,116),
(9,'C-69459',4899,55),
(9,'A-06872',1448,525),
(9,'B-27048',8453,527),
(9,'C-43077',7002,400),
(9,'B-92501',6425,343),
(9,'B-22957',1104,175),
(9,'A-89053',7766,925),
(9,'B-01377',5920,477),
(9,'B-77602',3085,216),
(9,'B-70410',3552,117),
(9,'B-43300',1109,907),
(9,'C-33025',6762,738),
(9,'A-83564',9494,144),
(9,'C-92116',2583,654),
(9,'C-36011',4272,441),
(9,'A-57810',4168,449),
(9,'C-39289',6597,981),
(9,'B-90666',7493,957),
(9,'C-55707',4110,662),
(9,'A-79848',4146,475),
(9,'C-58532',3993,355),
(9,'B-50450',7212,676),
(9,'C-28105',8868,829),
(9,'A-88830',9975,983),
(9,'B-29248',9282,224),
(9,'B-83322',678,843),
(9,'B-76167',152,350),
(9,'C-08345',263,856),
(9,'A-62121',2973,692),
(9,'C-31821',3023,579),
(9,'A-06936',8202,926),
(9,'C-70773',2033,44),
(9,'A-63828',7549,147),
(9,'B-20208',5686,601),
(9,'A-63397',3215,729),
(9,'A-49598',5355,205),
(9,'A-54656',3342,860),
(9,'A-16253',6658,164),
(9,'B-73244',903,273),
(9,'B-62320',395,779),
(9,'A-80066',4785,125),
(9,'B-08379',6211,345),
(9,'C-86284',5390,356),
(9,'B-15223',130,169),
(9,'B-08629',6842,181),
(9,'B-24991',131,264),
(9,'B-77886',2860,665),
(9,'A-88798',8475,921),
(9,'C-49932',996,956),
(9,'B-16446',5004,65),
(9,'B-03806',3489,193),
(9,'A-81524',8198,948),
(9,'B-85929',7358,229),
(9,'A-18218',7592,734),
(9,'C-64756',5973,310),
(9,'C-75083',3094,455),
(9,'C-89586',7303,634),
(9,'A-27921',9806,141),
(9,'B-54365',7850,631),
(9,'B-64500',8635,99),
(9,'A-02886',2999,832),
(9,'A-43905',6274,614),
(9,'B-58043',3140,173),
(9,'A-69709',1486,994),
(9,'A-43876',8211,113),
(9,'A-22903',3013,704),
(9,'B-37635',4878,159),
(9,'A-07668',9146,778),
(9,'C-47239',4929,824),
(9,'C-46323',8080,354),
(9,'B-66531',9580,787),
(9,'B-86377',9561,91),
(9,'A-96316',3250,127),
(9,'A-70091',9410,502),
(9,'A-85821',8681,409),
(9,'B-96626',9890,680),
(10,'C-69888',246,766),
(10,'A-71201',5856,903),
(10,'A-39755',5999,801),
(10,'B-24534',4435,526),
(10,'A-09854',7031,196),
(10,'B-34096',8684,851),
(10,'A-71958',2666,682),
(10,'A-01036',5003,321),
(10,'B-35408',8225,973),
(10,'A-08091',2858,360),
(10,'A-40839',7566,380),
(10,'A-13116',6245,282),
(10,'A-56205',4789,412),
(10,'B-04955',9733,109),
(10,'A-00536',8995,636),
(10,'C-03376',1182,6),
(10,'A-15354',6370,976),
(10,'A-18388',8754,260),
(10,'C-11743',2581,73),
(10,'C-46706',3902,375),
(10,'A-67527',8179,811),
(10,'A-57089',9753,39),
(10,'B-91770',7321,11),
(10,'A-38028',4978,71),
(10,'A-51362',1358,289),
(10,'A-43755',2232,318),
(10,'B-16438',5790,235),
(10,'C-32070',1903,7),
(10,'C-62170',4023,493),
(10,'C-32908',4433,811),
(10,'B-70223',959,893),
(10,'A-40447',1367,740),
(10,'C-71321',3156,496),
(10,'C-58994',9630,354),
(10,'B-28982',6516,390),
(10,'B-25918',7348,315),
(10,'C-88544',7549,203),
(10,'A-78859',134,73),
(10,'B-67489',2067,507),
(10,'A-42028',4456,929),
(10,'B-67683',7181,371),
(10,'C-28322',6634,214),
(10,'B-52285',3631,176),
(10,'A-23518',9355,818),
(10,'C-70693',2835,877),
(10,'C-20678',1826,828),
(10,'B-52048',1098,563),
(10,'B-12155',3574,654),
(10,'A-23797',972,169),
(10,'A-20787',9130,103),
(10,'A-89502',6935,826),
(10,'A-45999',5224,732),
(10,'B-70601',7673,127),
(10,'C-08927',1184,614),
(10,'A-36603',1669,717),
(10,'B-70050',6000,42),
(10,'B-54954',7596,670),
(10,'B-45664',1120,503),
(10,'C-39953',4620,787),
(10,'A-38791',9106,821),
(10,'B-26134',5991,682),
(10,'C-81355',2808,172),
(10,'B-33523',8414,416),
(10,'C-77111',5539,382),
(10,'A-36680',5713,733),
(10,'B-39877',6662,989),
(10,'C-70530',1809,525),
(10,'C-24038',4677,330),
(10,'A-53115',8693,362),
(10,'A-35985',1248,201),
(10,'C-69459',2105,8),
(10,'A-06872',2694,509),
(10,'C-43077',7815,712),
(10,'B-77602',3063,608),
(10,'C-54070',3654,528),
(10,'B-70410',1306,634),
(10,'C-49781',2311,192),
(10,'B-73669',6537,462),
(10,'B-23247',4607,763),
(10,'C-33025',7807,760),
(10,'B-80996',8534,27),
(10,'B-32499',2727,112),
(10,'C-92116',4846,193),
(10,'A-51238',2312,131),
(10,'C-93126',2652,498),
(10,'C-36011',7670,597),
(10,'C-39289',8666,831),
(10,'B-90666',2949,649),
(10,'A-95973',302,75),
(10,'B-59952',1490,377),
(10,'A-79848',4416,320),
(10,'C-58532',9336,803),
(10,'B-50450',987,390),
(10,'A-79048',4825,865),
(10,'A-96908',3978,927),
(10,'B-50929',7882,807),
(10,'B-53424',7879,486),
(10,'B-09948',5901,136),
(10,'B-83322',2640,524),
(10,'C-72777',1946,367),
(10,'A-12746',5806,645),
(10,'B-76167',5518,396),
(10,'B-39552',5008,658),
(10,'A-62121',2360,69),
(10,'C-31821',921,96),
(10,'A-06936',5662,678),
(10,'C-49663',641,456),
(10,'C-87776',2445,732),
(10,'B-74064',8103,811),
(10,'A-45713',6244,18),
(10,'C-56955',4582,895),
(10,'A-49598',9627,968),
(10,'C-15079',9888,38),
(10,'B-32563',4632,694),
(10,'B-73244',7075,536),
(10,'B-99293',1378,807),
(10,'B-62320',7212,521),
(10,'A-80066',8498,274),
(10,'A-91266',3322,901),
(10,'A-45476',6604,791),
(10,'B-96457',485,151),
(10,'A-24963',5823,544),
(10,'B-08629',4059,957),
(10,'B-63605',6711,923),
(10,'B-24991',7771,239),
(10,'B-77886',2380,608),
(10,'A-93708',3379,445),
(10,'A-88798',4308,450),
(10,'B-16446',181,956),
(10,'B-03806',7895,380),
(10,'A-58853',9917,579),
(10,'B-85929',382,125),
(10,'A-18218',1423,784),
(10,'B-04190',4194,761),
(10,'C-75083',1305,1),
(10,'C-42517',6443,421),
(10,'B-22327',3647,708),
(10,'A-27921',4170,956),
(10,'A-19870',615,920),
(10,'A-43905',3039,687),
(10,'B-58043',7654,441),
(10,'A-69709',8482,712),
(10,'A-43876',3268,331),
(10,'C-56430',3792,145),
(10,'C-41717',7492,42),
(10,'B-64636',2915,719),
(10,'A-39193',3606,603),
(10,'B-55821',9612,705),
(10,'C-91405',2667,242),
(10,'B-21227',2077,975),
(10,'A-96316',2000,487),
(10,'A-70091',8837,262),
(10,'A-62450',4153,109),
(11,'B-24534',6429,96),
(11,'B-27004',9937,997),
(11,'A-09854',691,484),
(11,'B-34096',5589,950),
(11,'A-71958',5739,264),
(11,'A-01036',9197,197),
(11,'C-30133',1561,637),
(11,'B-35408',3532,162),
(11,'A-08091',6616,4),
(11,'A-00536',7286,131),
(11,'C-03376',4171,829),
(11,'A-91002',7024,504),
(11,'B-47238',2725,272),
(11,'A-18388',2074,278),
(11,'C-11743',1093,263),
(11,'A-57089',9049,774),
(11,'C-55607',7742,393),
(11,'B-91770',5546,753),
(11,'A-38028',1114,386),
(11,'A-43755',1262,996),
(11,'A-00148',3739,756),
(11,'B-02180',4497,376),
(11,'B-16438',662,246),
(11,'C-32908',8828,820),
(11,'A-40447',3376,222),
(11,'B-28982',3954,729),
(11,'B-25918',2126,521),
(11,'B-57113',6438,780),
(11,'C-93036',9996,611),
(11,'A-42028',761,661),
(11,'C-28322',4698,629),
(11,'A-23518',4018,121),
(11,'C-70693',8117,278),
(11,'B-52048',9077,239),
(11,'C-67880',5824,816),
(11,'B-37642',7929,374),
(11,'C-08927',1303,457),
(11,'A-36603',9410,536),
(11,'B-70050',7575,895),
(11,'A-80282',3257,864),
(11,'B-54954',1049,555),
(11,'B-45664',1230,337),
(11,'C-39953',2981,244),
(11,'C-18251',1651,147),
(11,'B-95939',9402,975),
(11,'B-26134',3405,639),
(11,'A-23058',6427,29),
(11,'C-81355',3091,874),
(11,'C-77111',6286,147),
(11,'C-93700',1619,0),
(11,'A-11292',4221,302),
(11,'B-13244',8069,943),
(11,'B-39877',2476,271),
(11,'A-55848',266,633),
(11,'C-24038',2823,594),
(11,'A-02932',7211,246),
(11,'C-69459',8926,447),
(11,'C-43077',6051,154),
(11,'A-89053',8717,849),
(11,'B-01377',6614,497),
(11,'A-12623',2808,773),
(11,'B-70410',9381,793),
(11,'A-77664',9990,795),
(11,'B-80996',4042,945),
(11,'B-32499',3365,847),
(11,'A-75372',2212,25),
(11,'A-51238',4771,577),
(11,'C-36011',4660,81),
(11,'A-91061',1952,823),
(11,'A-57877',7393,742),
(11,'B-90666',6683,833),
(11,'C-55707',6860,370),
(11,'B-59952',8926,997),
(11,'C-28105',781,712),
(11,'C-68229',7942,689),
(11,'A-88830',9785,607),
(11,'B-50929',1481,886),
(11,'B-29248',1076,999),
(11,'B-09948',5460,26),
(11,'A-12746',6734,605),
(11,'C-08345',7104,636),
(11,'A-62121',7244,931),
(11,'C-46082',1155,734),
(11,'C-70773',6855,867),
(11,'B-65400',3512,829),
(11,'A-91003',491,51),
(11,'C-49663',7705,908),
(11,'C-87776',2773,38),
(11,'B-74064',3062,252),
(11,'A-82871',8882,955),
(11,'A-45713',5624,475),
(11,'B-50715',2450,251),
(11,'C-56955',5614,436),
(11,'A-49598',5030,265),
(11,'A-54656',5045,584),
(11,'C-56213',1870,9),
(11,'A-16253',3456,673),
(11,'C-15079',1199,792),
(11,'B-32563',3079,349),
(11,'B-73244',9111,73),
(11,'B-99293',9543,782),
(11,'B-62320',2109,967),
(11,'A-80066',1009,560),
(11,'B-51400',7814,958),
(11,'A-51408',9756,731),
(11,'B-96457',573,801),
(11,'B-57528',3709,989),
(11,'B-15223',7625,161),
(11,'A-24963',8355,964),
(11,'B-98898',2628,984),
(11,'B-16446',4228,861),
(11,'C-40789',4817,427),
(11,'A-58853',3671,389),
(11,'B-04190',1186,321),
(11,'C-64756',7868,707),
(11,'C-75083',2527,738),
(11,'C-42517',9973,920),
(11,'A-19870',2307,964),
(11,'B-64500',1907,388),
(11,'B-37635',6819,633),
(11,'A-66576',5181,854),
(11,'A-39193',9981,863),
(11,'C-46323',8623,180),
(11,'A-70091',874,664),
(11,'A-85821',7138,258),
(11,'C-56039',8580,21),
(11,'C-19413',178,979),
(11,'A-27229',834,971),
(11,'B-33494',8415,173),
(11,'A-62450',7688,432),
(11,'B-96626',1946,731),
(12,'C-69888',888,453),
(12,'A-71201',337,105),
(12,'A-39755',4294,122),
(12,'B-27004',3436,348),
(12,'A-09854',4189,567),
(12,'B-34096',7563,685),
(12,'A-01036',5033,550),
(12,'C-30133',7724,636),
(12,'A-22929',9100,510),
(12,'B-35408',6614,525),
(12,'C-90851',9620,214),
(12,'A-40839',8421,648),
(12,'A-13116',2233,893),
(12,'A-56205',8525,904),
(12,'C-12992',3211,163),
(12,'C-03376',6344,767),
(12,'B-47238',1685,681),
(12,'C-46706',4172,977),
(12,'A-57089',8972,276),
(12,'A-51362',8517,269),
(12,'A-43755',8467,619),
(12,'B-16438',6472,235),
(12,'C-32070',8863,482),
(12,'A-65936',5992,833),
(12,'C-32908',4345,650),
(12,'C-71321',7256,960),
(12,'C-58994',7637,297),
(12,'C-93036',3267,996),
(12,'B-67489',9229,783),
(12,'A-01194',5347,23),
(12,'B-67683',7026,85),
(12,'B-52285',3111,508),
(12,'C-45591',8550,648),
(12,'A-60521',3376,312),
(12,'B-71718',1365,421),
(12,'C-70693',6130,759),
(12,'C-20678',5400,808),
(12,'B-52048',3199,749),
(12,'A-20787',2955,498),
(12,'C-44523',6946,669),
(12,'B-37642',8703,599),
(12,'A-36603',6256,582),
(12,'B-46915',6894,979),
(12,'A-80282',6119,583),
(12,'B-54954',3100,512),
(12,'B-45664',3861,905),
(12,'B-63012',8561,471),
(12,'A-38791',9685,759),
(12,'C-18251',6879,577),
(12,'C-81355',1424,879),
(12,'C-15773',8652,266),
(12,'A-36680',6308,931),
(12,'A-11292',7698,691),
(12,'B-13244',5269,859),
(12,'A-55848',9958,259),
(12,'A-35985',8116,294),
(12,'C-69459',8327,612),
(12,'A-06872',4050,392),
(12,'C-43077',5681,990),
(12,'B-92501',1742,874),
(12,'B-22957',3709,507),
(12,'A-12623',970,173),
(12,'A-71606',2906,126),
(12,'B-70410',6627,254),
(12,'C-49781',9216,451),
(12,'B-43300',5015,985),
(12,'C-19007',8334,664),
(12,'A-75372',2761,853),
(12,'A-51238',1767,584),
(12,'C-39289',9177,551),
(12,'C-58532',528,359),
(12,'B-50450',891,35),
(12,'C-28105',9245,245),
(12,'A-79048',5190,520),
(12,'B-72477',2066,149),
(12,'A-88830',2967,258),
(12,'B-50929',1812,572),
(12,'B-53424',5862,452),
(12,'B-29248',4876,258),
(12,'B-09948',7010,416),
(12,'A-12746',2409,89),
(12,'B-39552',6412,416),
(12,'A-62121',2399,135),
(12,'C-70773',2898,988),
(12,'B-65400',5744,921),
(12,'B-20208',4862,264),
(12,'C-91142',958,554),
(12,'A-02113',7298,63),
(12,'A-63397',1750,763),
(12,'C-49663',7764,17),
(12,'C-87776',2818,309),
(12,'B-50715',6714,623),
(12,'C-56955',9595,701),
(12,'A-49598',2215,783),
(12,'A-54656',3291,4),
(12,'C-56213',3509,971),
(12,'A-16253',9540,615),
(12,'B-32563',695,24),
(12,'B-99293',2448,763),
(12,'A-91266',2739,204),
(12,'C-73812',3000,819),
(12,'A-68133',4274,237),
(12,'B-67471',2650,697),
(12,'B-51400',55,146),
(12,'A-51408',4248,739),
(12,'B-96661',7173,896),
(12,'B-57528',3669,588),
(12,'A-11235',4204,342),
(12,'C-86284',8660,634),
(12,'B-15223',5754,337),
(12,'B-98898',1547,831),
(12,'B-24991',7456,325),
(12,'B-77886',6522,183),
(12,'B-05089',2774,816),
(12,'A-93708',5455,950),
(12,'A-88798',6217,797),
(12,'C-49932',8631,326),
(12,'B-03806',6294,459),
(12,'A-81524',2912,367),
(12,'C-40789',2571,459),
(12,'B-85929',4065,174),
(12,'A-18218',3335,956),
(12,'B-04190',5185,199),
(12,'C-75083',9989,50),
(12,'B-22327',5555,69),
(12,'B-54365',1069,69),
(12,'A-19870',3086,670),
(12,'B-58043',9413,146),
(12,'A-69709',4783,583),
(12,'C-56430',7708,197),
(12,'A-07668',6656,930),
(12,'A-66576',172,826),
(12,'B-97688',484,721),
(12,'B-55821',1257,195),
(12,'C-46323',6085,157),
(12,'B-86377',7735,948),
(12,'A-70091',7571,65),
(12,'C-56039',7468,672),
(12,'A-27229',9195,869),
(12,'B-33494',9230,391),
(13,'C-69888',9120,292),
(13,'A-80983',4903,965),
(13,'A-71201',8912,162),
(13,'A-39755',7681,259),
(13,'B-34096',8870,891),
(13,'A-01036',1294,318),
(13,'A-22929',1422,244),
(13,'B-35408',2280,808),
(13,'C-12992',9619,461),
(13,'C-76641',573,225),
(13,'C-03376',4150,169),
(13,'B-47238',7670,607),
(13,'A-96990',2321,841),
(13,'A-18388',4410,799),
(13,'C-46706',4650,432),
(13,'A-67527',1006,339),
(13,'A-57089',1593,434),
(13,'A-44843',1579,119),
(13,'A-38028',3757,785),
(13,'A-51362',3723,873),
(13,'A-43755',4515,780),
(13,'A-00148',698,488),
(13,'B-02180',153,910),
(13,'C-32070',9754,272),
(13,'C-62170',7147,609),
(13,'A-40447',2970,574),
(13,'C-71321',5423,187),
(13,'C-58994',1180,415),
(13,'B-28982',7951,537),
(13,'B-25918',2627,569),
(13,'A-61533',6133,657),
(13,'A-78859',8119,551),
(13,'B-67489',4399,508),
(13,'A-42028',7071,985),
(13,'C-45591',1311,540),
(13,'A-60521',2827,620),
(13,'B-71718',8354,999),
(13,'C-70693',9211,112),
(13,'C-20678',4755,335),
(13,'A-73014',7481,850),
(13,'C-67880',7873,97),
(13,'B-12155',3844,900),
(13,'C-17575',5194,270),
(13,'A-20787',6738,425),
(13,'A-89502',7079,686),
(13,'C-92489',5719,122),
(13,'B-70601',3275,469),
(13,'B-37642',9551,432),
(13,'C-08927',6891,698),
(13,'B-33157',3993,731),
(13,'A-80282',3529,574),
(13,'B-54954',987,938),
(13,'B-45664',856,815),
(13,'B-63012',105,319),
(13,'C-18251',1997,580),
(13,'C-82533',6953,351),
(13,'A-23058',3975,254),
(13,'C-81355',8922,14),
(13,'B-33523',6003,107),
(13,'C-15773',6803,363),
(13,'C-93700',1565,454),
(13,'A-36680',9700,592),
(13,'A-11292',1290,210),
(13,'B-13244',7459,181),
(13,'A-53115',3268,472),
(13,'A-35985',6416,891),
(13,'C-69459',4910,145),
(13,'C-43077',402,823),
(13,'A-89053',6168,992),
(13,'B-01377',2313,807),
(13,'C-54070',4462,825),
(13,'B-43300',4956,756),
(13,'C-33025',7792,552),
(13,'A-75372',2804,796),
(13,'A-57810',3292,539),
(13,'C-39289',9539,48),
(13,'B-50450',2939,700),
(13,'C-28105',2076,148),
(13,'B-72477',8548,600),
(13,'C-68229',1321,416),
(13,'A-88830',2088,242),
(13,'B-29248',6323,907),
(13,'B-09948',330,335),
(13,'B-83322',4997,373),
(13,'C-72777',9121,973),
(13,'A-12746',3566,778),
(13,'C-46082',1150,283),
(13,'C-70773',4948,840),
(13,'A-02113',1639,953),
(13,'A-91003',4892,69),
(13,'B-74064',6632,400),
(13,'A-45713',3001,136),
(13,'B-50715',3097,249),
(13,'C-56955',8337,272),
(13,'C-56213',4485,830),
(13,'A-16253',4554,820),
(13,'B-73244',5487,665),
(13,'A-80066',1577,733),
(13,'A-91266',8235,981),
(13,'C-73812',6259,113),
(13,'B-51400',6910,647),
(13,'A-45476',9925,603),
(13,'B-08379',8126,859),
(13,'C-86284',7025,899),
(13,'B-15223',6704,215),
(13,'B-08629',404,42),
(13,'B-98898',3684,645),
(13,'B-63605',5102,280),
(13,'B-05089',9306,105),
(13,'A-93708',723,379),
(13,'A-88798',5887,156),
(13,'C-49932',4090,204),
(13,'B-16446',8253,684),
(13,'A-81524',2623,626),
(13,'B-16088',8663,888),
(13,'A-58853',750,700),
(13,'B-85929',3883,51),
(13,'A-18218',2481,41),
(13,'B-04190',1663,730),
(13,'C-42517',3195,734),
(13,'C-89586',1150,36),
(13,'A-27921',294,934),
(13,'A-43905',2561,320),
(13,'B-58043',8023,95),
(13,'A-22903',5879,119),
(13,'A-07668',9160,250),
(13,'B-81296',2149,260),
(13,'B-64636',2487,811),
(13,'A-39193',7203,114),
(13,'B-97688',9154,995),
(13,'B-55821',2157,283),
(13,'C-91405',2091,532),
(13,'A-38995',638,538),
(13,'C-46323',7057,899),
(13,'B-86377',4653,710),
(13,'A-96316',3780,320),
(13,'A-70091',6698,349),
(13,'A-85821',9493,841),
(13,'C-19413',1876,764),
(13,'B-33494',8222,278),
(13,'A-62450',8550,868),
(13,'B-96626',5802,123),
(14,'A-71201',9395,116),
(14,'A-71033',7295,782),
(14,'A-39755',9195,709),
(14,'B-27004',1701,718),
(14,'A-09854',3500,78),
(14,'A-01036',4514,840),
(14,'A-82352',4001,681),
(14,'A-14300',9265,452),
(14,'A-22929',2164,864),
(14,'B-35408',9633,688),
(14,'C-90851',873,811),
(14,'B-03312',5785,187),
(14,'A-40839',7171,722),
(14,'C-12992',6596,711),
(14,'C-76641',3771,520),
(14,'A-00536',4175,671),
(14,'B-47238',3016,833),
(14,'A-18388',9615,25),
(14,'C-46706',7287,8),
(14,'A-67527',1884,18),
(14,'A-44843',6543,630),
(14,'C-55607',9232,307),
(14,'B-91770',7381,670),
(14,'A-51362',7540,141),
(14,'A-00148',9398,590),
(14,'B-02180',111,42),
(14,'A-65936',2631,540),
(14,'A-40447',4415,774),
(14,'C-71321',8487,252),
(14,'C-58994',2968,686),
(14,'B-34854',5786,201),
(14,'B-57113',4157,321),
(14,'C-88544',1229,80),
(14,'A-01194',9998,13),
(14,'B-47398',7325,457),
(14,'C-28322',6956,133),
(14,'B-71718',4900,229),
(14,'C-70693',4881,544),
(14,'A-73014',5788,497),
(14,'B-52048',9290,279),
(14,'C-67880',9195,288),
(14,'C-37051',5866,175),
(14,'A-20787',5070,550),
(14,'A-89502',6308,715),
(14,'A-45999',5242,801),
(14,'A-36603',4408,794),
(14,'B-33157',1737,793),
(14,'B-46915',5833,541),
(14,'B-70050',687,498),
(14,'B-63012',2968,47),
(14,'A-38791',5939,584),
(14,'B-94871',3834,671),
(14,'C-18251',9554,732),
(14,'B-26134',6352,890),
(14,'C-82533',180,872),
(14,'A-23058',2582,352),
(14,'C-81355',8071,893),
(14,'B-33523',5570,368),
(14,'C-15773',6236,257),
(14,'A-36680',9970,836),
(14,'A-11292',403,852),
(14,'B-13244',5007,301),
(14,'A-55848',4946,600),
(14,'A-35985',4664,444),
(14,'C-69459',5876,956),
(14,'B-01377',6151,290),
(14,'A-12623',4488,440),
(14,'A-71606',2141,736),
(14,'B-77602',7168,675),
(14,'B-73669',440,661),
(14,'B-23247',2577,52),
(14,'A-77664',1260,65),
(14,'B-32499',637,916),
(14,'C-92116',3228,448),
(14,'C-93126',9119,140),
(14,'A-91061',4704,950),
(14,'A-95973',135,479),
(14,'C-55707',8589,77),
(14,'B-59952',1694,550),
(14,'A-79848',7635,994),
(14,'C-58532',2934,228),
(14,'A-79048',9129,939),
(14,'B-50929',5584,381),
(14,'B-53424',5433,67),
(14,'B-29248',8577,601),
(14,'C-72777',9602,93),
(14,'B-39552',7288,18),
(14,'C-31821',5885,625),
(14,'C-70773',8268,950),
(14,'A-63828',6665,242),
(14,'A-02113',5519,742),
(14,'A-63397',6533,141),
(14,'A-91003',7615,603),
(14,'C-49663',7698,231),
(14,'A-82871',8694,474),
(14,'B-50715',804,66),
(14,'A-16253',6056,821),
(14,'B-32563',9410,982),
(14,'B-73244',2287,483),
(14,'B-62320',2470,456),
(14,'A-80066',7066,713),
(14,'A-91266',277,586),
(14,'B-67471',4726,287),
(14,'A-51408',6951,500),
(14,'A-45476',4619,318),
(14,'B-57528',1414,295),
(14,'A-11235',6481,140),
(14,'B-08379',8951,75),
(14,'C-86284',9643,286),
(14,'C-38024',6843,362),
(14,'B-15223',5969,836),
(14,'A-24963',5232,905),
(14,'B-63605',5710,745),
(14,'B-77886',2248,935),
(14,'B-05089',4367,698),
(14,'C-49932',8010,967),
(14,'B-03806',2733,989),
(14,'B-85929',1940,821),
(14,'A-18218',4176,890),
(14,'C-42517',6840,11),
(14,'C-89586',8798,434),
(14,'B-22327',1756,800),
(14,'A-27921',493,550),
(14,'B-54365',8234,217),
(14,'A-19870',1543,131),
(14,'B-64500',7345,942),
(14,'B-58043',6740,442),
(14,'A-69709',4049,486),
(14,'A-43876',8640,488),
(14,'A-22903',8139,163),
(14,'B-37635',6531,376),
(14,'A-07668',4679,277),
(14,'B-81296',9907,538),
(14,'A-66576',6157,433),
(14,'A-67718',7943,621),
(14,'B-64636',5210,54),
(14,'B-55821',6889,603),
(14,'C-24427',6833,234),
(14,'A-38995',1573,87),
(14,'B-21227',5871,124),
(14,'B-86377',7733,500),
(14,'A-96316',8421,640),
(14,'A-85821',5115,521),
(14,'C-19413',3305,168),
(14,'B-96626',7311,656);
